"city","category","reason","business_status","name","address","source_url","google_match_name","google_match_address","google_place_id","google_maps_url","moved_place_id"
"taipei","review","Google Places businessStatus = CLOSED_TEMPORARILY","CLOSED_TEMPORARILY","窩著咖啡 perch cafe","104台北市中山區松江路97巷2號","","窩著咖啡 perch cafe","松江路97巷2號","ChIJaefGI_6pQjQRJHLiX7_Qm9g","",""
"taipei","review","Google Places businessStatus = CLOSED_TEMPORARILY","CLOSED_TEMPORARILY","溫叨CAFE","台北市中正區新生南路一段162號","https://www.facebook.com/wendaocafe/","溫叨Cafe & Dining 咖啡餐酒館","110臺北市信義區菸廠路88號2樓","ChIJG1AoZCSrQjQRC1nZ-DHThTU","",""
"taipei","review","Google Places businessStatus = CLOSED_TEMPORARILY","CLOSED_TEMPORARILY","O.L.O Café","台北市松山區南京東路五段97號","https://www.facebook.com/olocafe0620/","O.L.O 地中海料理","南京東路五段97號","ChIJ6_qq0ZSrQjQRNPvjM5MR0hI","",""
"taipei","review","Google Places businessStatus = CLOSED_TEMPORARILY","CLOSED_TEMPORARILY","11號精品咖啡","台北市萬華區興義街11號","https://www.facebook.com/11號精品咖啡-1968225620071250/?fref=ts","11號精品咖啡","興義街11號","ChIJUW_1oLSpQjQRhDvo1gIbbt8","",""
"taipei","review","Google Places businessStatus = CLOSED_TEMPORARILY","CLOSED_TEMPORARILY","點星咖啡 café l'étoile","106台北市大安區忠孝東路三段248巷13弄12號1樓","","點星咖啡 café l'étoile","忠孝東路三段248巷13弄12號1樓","ChIJA003N9erQjQRCPmxlteYDdI","",""
"taipei","review","Google Places businessStatus = CLOSED_TEMPORARILY","CLOSED_TEMPORARILY","有點胖咖啡","新北市新莊區建興街63號","","有點胖司康「因漲租營業至7/10止」","建興街63號","ChIJiesYyk-pQjQRO_ayhfSkiEc","",""
"taipei","review","Google Places businessStatus = CLOSED_TEMPORARILY","CLOSED_TEMPORARILY","沛洛瑟","100台北市中正區中華路二段75巷40號","https://www.facebook.com/caffepeloso/","沛洛瑟珈琲店","中華路二段75巷40號","ChIJ6WSdFcmrQjQRSrdB7fL5pcc","",""
"taipei","review","Google Places businessStatus = CLOSED_TEMPORARILY","CLOSED_TEMPORARILY","OFNA Coffee"," 105 台北市 南京東路五段66巷2弄11號1樓","https://www.facebook.com/ocnjsm/","OFNA COFFEE","南京東路五段66巷2弄11號1樓","ChIJgwIULJWrQjQRsRNzYS234tU","",""
"taipei","review","Google Places businessStatus = CLOSED_TEMPORARILY","CLOSED_TEMPORARILY","城市草倉 C-tea loft","台北市大安區羅斯福路三段283巷19弄4號","https://www.facebook.com/ctealoft/","城市草倉 C-tea loft","羅斯福路三段283巷19弄4號","ChIJVdhfSompQjQR50KBTisA1u4","",""
"taipei","review","Google Places businessStatus = CLOSED_TEMPORARILY","CLOSED_TEMPORARILY","喝什麼。KaPi","台北市中山區民權西路36-1號","https://www.facebook.com/drinkkapi/","喝什麼 KaPi","民權西路36-1號","ChIJO75frvGpQjQR5f3xQxz7DII","",""
"taipei","review","Google Places businessStatus = CLOSED_TEMPORARILY","CLOSED_TEMPORARILY","頓益咖啡匠","10491台灣台北市中山區遼寧街108巷3號","https://www.facebook.com/DunYiCafe/","頓益咖啡匠","遼寧街108巷3號","ChIJr151HN6rQjQR6QoRg529Wic","",""
"taipei","review","Google Places businessStatus = CLOSED_TEMPORARILY","CLOSED_TEMPORARILY","福璟鮮烘咖啡店","新北市中和區景平路598號","www.fujincoffee.com.tw","福璟鮮烘咖啡店(已併入板橋總店)","景平路598號","ChIJU-k7THgCaDQRR2mSbOpevPs","",""
"taipei","review","Google Places businessStatus = CLOSED_TEMPORARILY","CLOSED_TEMPORARILY","鐵咖咖啡","新北市土城區中央路二段61巷30號","https://www.facebook.com/StevenCoffee/","鐵咖咖啡 Tika Coffee 義式手作窯烤Pizza","中央路二段61巷30號1樓","ChIJox0RXXcdaDQRtTGZA5e-twY","",""
"taipei","review","Google Places businessStatus = CLOSED_TEMPORARILY","CLOSED_TEMPORARILY","無 · 咖啡","台北市中正區濟南路二段36號","","無 · 咖啡","濟南路二段36號","ChIJkxITw3upQjQRWQd1S_11R4c","",""
"taipei","review","Google Places businessStatus = CLOSED_TEMPORARILY","CLOSED_TEMPORARILY","奧爾咖啡 OUR Cafe","新北市永和區信義路25巷3號1樓","https://www.facebook.com/OUR.Cafe.yonghe/","OUR Coffee 奧爾咖啡","信義路25巷3號1樓","ChIJmfhq-cGpQjQRY2SwZ9R7fHY","",""
"taipei","review","Google Places businessStatus = CLOSED_TEMPORARILY","CLOSED_TEMPORARILY","松菸小賣所","松山文創園區 東向製菸工廠1樓","https://www.facebook.com/SCCP.sygallery/","ODEN PUNCH","光復南路133號松菸小賣所2號店","ChIJlfRnmICrQjQRiOVNYReIYyU","",""
"taipei","review","Google Places businessStatus = CLOSED_TEMPORARILY","CLOSED_TEMPORARILY","The Shrine ","台北市中正區師大路132號","https://www.facebook.com/theshrinetaipei/","The Shrine","師大路132號","ChIJ5b4oR46pQjQR9zSWhfKwP6s","",""
"taipei","review","Google Places businessStatus = CLOSED_TEMPORARILY","CLOSED_TEMPORARILY","CAFEPRO","114台北市內湖區新湖一路128巷15號1樓","","CAFEPRO內湖店","新湖一路128巷15號1樓","ChIJ5_1T-IOrQjQRrCG7NIGqrSI","",""
"taipei","review","Google Places businessStatus = CLOSED_TEMPORARILY","CLOSED_TEMPORARILY","肆序商行 Sù Sī Coffee Roaster","台中市大甲區鎮瀾街177號1樓","","肆序商行","鎮瀾街177號","ChIJ-6m5nxkRaTQRICul_9N4vKI","",""
"taipei","review","Google Places businessStatus = CLOSED_TEMPORARILY","CLOSED_TEMPORARILY","Engedi Koffee Espresso Bar&Prophesy（已停業）","Engedi Koffee Espresso Bar&Prophesy","","Engedi Koffee Espresso Bar&Prophesy","泰順街26巷4-1號","ChIJvdumAiepQjQRjMrjpYUhhdE","",""
"taipei","review","Google Places businessStatus = CLOSED_TEMPORARILY","CLOSED_TEMPORARILY","AZ Coffee","242新北市新莊區建興街11號","","AZ Coffee & A Balcony","建興街11號","ChIJzQfgP3SoQjQR1JQR8di5GvY","",""
"taipei","review","Google Places businessStatus = CLOSED_TEMPORARILY","CLOSED_TEMPORARILY","大樹書房","新北市淡水區中正路一段6巷36號(雲門劇場旁)","https://www.facebook.com/sptreehouse/","大樹書房（暫不開放租借）","中正路一段6巷36號","ChIJr7vAgK-lQjQRdtOfXvbr_Y0","",""
"taipei","review","Google Places businessStatus = CLOSED_TEMPORARILY","CLOSED_TEMPORARILY","共楽","台北市大同區赤峰街22號1樓","https://www.facebook.com/gunglok/","掙錢士多 Hustler Grocery Store (遺址)","103臺北市大同區赤峰街22號一樓","ChIJC1AUZFKpQjQRj3GMJU6M-CA","",""
"taipei","review","Google Places businessStatus = CLOSED_TEMPORARILY","CLOSED_TEMPORARILY","M式烘豆所咖啡館","新北市中和區連城路89巷18號1樓","http://site-m-roastery.strikingly.com/","[M式烘豆所咖啡館] 自家烘焙/咖啡豆批發/精品咖啡","連城路89巷18號","ChIJhfxRrHgCaDQRBYz0PwAA904","",""
"taipei","review","Google Places businessStatus = CLOSED_TEMPORARILY","CLOSED_TEMPORARILY","1+1 Together Republic Cafe","台北市中山區中山北路二段26巷10-1號","https://www.facebook.com/1plus1.Together.Republic/","1+1 Together Republic","號2F, No. 10-1中山北路二段26巷","ChIJD2fQFmmpQjQRfU8In2-BKWM","",""
"taipei","review","Google Places businessStatus = CLOSED_TEMPORARILY","CLOSED_TEMPORARILY","PIQUE NIQUE Cafe 野餐咖啡館","台北市北投區中央北路三段65號","https://www.facebook.com/PIQUENIQUE2015/","野餐咖啡館PIQUE NIQUE 暫時停止營業","中央北路三段53巷1號1F-1","ChIJaRAgia6vQjQRMfGNHE7kAII","",""
"taipei","review","Google Places businessStatus = CLOSED_TEMPORARILY","CLOSED_TEMPORARILY","In Natural Coffee 陽光夏","台北市中正區衡陽路15號","","In Natural Coffee 陽光夏","衡陽路15號1樓","ChIJe_9ySAupQjQR1h51jqsta-Y","",""
"taipei","review","Google Places businessStatus = CLOSED_TEMPORARILY","CLOSED_TEMPORARILY","艾斯糖 S Don Coffee","台北市大安區新生南路一段97巷13號","https://www.facebook.com/sdon.cafe/","艾斯糖 S Don","新生南路一段97巷13號","ChIJSxUVCH2pQjQRoSqSL2TxLGw","",""
"taipei","review","Google Places businessStatus = CLOSED_TEMPORARILY","CLOSED_TEMPORARILY","CO77EE","台北市南港區市民大道七段7號","https://www.facebook.com/Co77ee-77%E5%92%96%E5%95%A1-954789644564148/","Co77ee (市民77咖啡)","市民大道七段7號","ChIJcflKw52rQjQR9CikGvoi2zk","",""
"taipei","review","Google Places businessStatus = CLOSED_TEMPORARILY","CLOSED_TEMPORARILY","慢豆君MR.SLOW","10491台北市中山區明水路575號","","慢豆君MR.SLOW","明水路575號B1","ChIJ-YUXUPOtQjQRIImKtJInpYU","",""
"taipei","review","Google Places businessStatus = CLOSED_TEMPORARILY","CLOSED_TEMPORARILY","鮮烘咖啡工作室","台北市雲和街95號","https://m.facebook.com/HomeRoasCoffee/","鮮烘咖啡工作室 Home Roast Coffee","辛亥路一段87號","ChIJFcjfCHOpQjQRTrR0xncoVqs","",""
"taipei","review","Google Places businessStatus = CLOSED_TEMPORARILY","CLOSED_TEMPORARILY","藍色公路海景咖啡館","244新北市林口區瑞平村66號","https://www.facebook.com/BlueWay1016/","藍色公路海景咖啡館","瑞平里9鄰66號","ChIJ7SICAKumQjQRT57EHyqGBQU","",""
"taipei","review","Google Places businessStatus = CLOSED_TEMPORARILY","CLOSED_TEMPORARILY","AGCT Apartment","台北市大安區溫州街49巷2-2號3樓","https://www.facebook.com/AGCT.GROUP/","城市草倉 C-tea loft","羅斯福路三段283巷19弄4號","ChIJVdhfSompQjQR50KBTisA1u4","",""
"taipei","review","Google Places businessStatus = CLOSED_TEMPORARILY","CLOSED_TEMPORARILY","T-park cafe&eatery","台北市中山區林森北路107巷10號","https://www.facebook.com/TPARKCAFE/?fref=ts","DamnGood.TW","林森北路107巷10號1樓","ChIJC6TJX2-pQjQR9Oyt0Vpsc-8","",""
"taipei","review","Google Places businessStatus = CLOSED_TEMPORARILY","CLOSED_TEMPORARILY","Charming Chat Café(CCCafé)","112台北市北投區石牌路一段39巷136號","","Charming Chat Café(CCCafé)","號1樓, No. 136石牌路一段39巷","ChIJJfquzz2vQjQR0c0pTC6NMLU","",""
"taipei","review","Google Places businessStatus = CLOSED_TEMPORARILY","CLOSED_TEMPORARILY","後台咖啡","台北市大安區羅斯福路四段1號 台大綜合體育館2樓206室及214室","https://www.facebook.com/jsbackstagecafe/","後台 Backstage Café","羅斯福路四段1號台大綜合體育館2樓206室","ChIJAS5-ZYipQjQRu-UeMiawBr4","",""
"taipei","review","Google Places businessStatus = CLOSED_TEMPORARILY","CLOSED_TEMPORARILY","街口6號珈啡","台北市貴陽街二段6號","https://www.facebook.com/streetno.6cafe/","街口6號珈啡","中華路一段182號 2號樓 之 2","ChIJYZOhaKepQjQR6Ooji4DPJDk","",""
"taipei","review","Google Places businessStatus = CLOSED_TEMPORARILY","CLOSED_TEMPORARILY","八米共同工作空間 8 Meters Coworking Space","台北市大安區和平東路二段107巷23弄6號","https://www.8meterscoworking.com/","八米共同工作空間 8 Meters Coworking Space","和平東路二段107巷23弄6號","ChIJixzzZCmqQjQR_kjHT5gJadY","",""
"taipei","review","Google Places businessStatus = CLOSED_TEMPORARILY","CLOSED_TEMPORARILY","小吉市場","台北市南昌路二段111號2樓","https://www.facebook.com/auspicious.p/","小吉市場","南昌路二段111號2樓","ChIJ6UkBrHmpQjQRlkIrdslMWZg","",""
"taipei","review","Google Places businessStatus = CLOSED_TEMPORARILY","CLOSED_TEMPORARILY","南美咖啡(天母店)","台北市士林區天母西路13巷19號","https://www.facebook.com/%E5%8D%97%E7%BE%8E%E5%92%96%E5%95%A1-%E5%A4%A9%E6%AF%8D%E5%BA%97-277728839238979/","南美咖啡-天母店","天母西路13巷19號","ChIJj-NOi4euQjQR5dGy01gM16Q","",""
"taipei","review","Google Places businessStatus = CLOSED_TEMPORARILY","CLOSED_TEMPORARILY","微貳獨冊（自由咖啡ZU CAFE）","台北市大安區光復南路346巷56號","https://books.waytoread.com.tw/","微貳獨冊","光復南路346巷56號","ChIJ59ADmcirQjQRsHRP85cSJbI","",""
"taipei","review","Google Places businessStatus = CLOSED_TEMPORARILY","CLOSED_TEMPORARILY","八拾捌茶輪番所 Rinbansyo","台北市萬華區中華路一段174號","https://www.facebook.com/rinbansyo/","八拾捌茶輪番所","中華路一段174號","ChIJJZxA3gmpQjQRiVJE0xr4CJM","",""
"taipei","review","Google Places businessStatus = CLOSED_TEMPORARILY","CLOSED_TEMPORARILY","好藝時光﹒beitou times","112 台北市台北市北投區大業路727號","https://www.facebook.com/beitou.times/","好藝時光 ﹒ Beitou Times ( gallery ﹒ stage ﹒ café )","大業路727號","ChIJOfVMLhivQjQRGeyU-gwBZkc","",""
"taipei","review","Google Places businessStatus = CLOSED_TEMPORARILY","CLOSED_TEMPORARILY","BONBE COFFEE","新北市新莊區中平路380號","","標準咖啡商行｜咖啡豆批發","中平路380號","ChIJ43GhRNWnQjQR8cthjgVW4r4","",""
"taipei","review","Google Places businessStatus = CLOSED_TEMPORARILY","CLOSED_TEMPORARILY","大樹下","忠孝東路四段181巷40弄12號","https://www.facebook.com/blackyard.leathercafe/","東區大樹下飯麵食堂(原東區大樹下甜不辣)","敦化南路一段187巷75之一號號旁","ChIJFwBDSsSrQjQRMlbpxQxohJE","",""
"taipei","review","Google Places businessStatus = CLOSED_TEMPORARILY","CLOSED_TEMPORARILY","器咖啡","台北市大安區新生南路一段133-3號2樓","https://www.facebook.com/utsuwa.cafe.taipei/","器咖啡","新生南路一段133之3號寵物公園樓上2樓","ChIJXzRrJi2qQjQRyeSv9VD2z4s","",""
"taipei","review","Google Places businessStatus = CLOSED_TEMPORARILY","CLOSED_TEMPORARILY","初心者咖啡店","No. 6號民生東路三段88巷中山區台北市10491","","初心者咖啡店","民生東路三段88巷6號","ChIJj2xjfIerQjQR2NVuxfiyXz8","",""
"taipei","review","Google Places businessStatus = CLOSED_TEMPORARILY","CLOSED_TEMPORARILY","Hera Cafe","台北市大同區承德路二段一巷7號","https://m.facebook.com/heracafe.co/","Hera Cafe","承德路二段1巷7號","ChIJtVQ3jWupQjQRwmQ0IzQDQJA","",""
"taipei","review","Google Places businessStatus = CLOSED_TEMPORARILY","CLOSED_TEMPORARILY"," 七三茶堂 7teahouse","台北市信義區忠孝東路四段553巷46弄16號","","七三茶堂7teahouse丨茶炭方®與生活應用專櫃","光復南路133號B4櫃位E103製菸工廠東向1樓 A7","ChIJoTxjI5erQjQRd2xmhRKQfuQ","",""
"taipei","review","Google Places businessStatus = CLOSED_TEMPORARILY","CLOSED_TEMPORARILY","椿咖啡","104台北市中山區民權東路一段七十巷十號","https://m.facebook.com/pages/category/Coffee-Shop/%E6%A4%BF-%E7%8F%88%E7%90%B2-338635966800794/","椿 珈琲","民權東路一段七十巷十號","ChIJiZ3lMqWpQjQRAREdCvbaNwg","",""
"taipei","review","Google Places businessStatus = CLOSED_TEMPORARILY","CLOSED_TEMPORARILY","P&C Boutique Cafe","台北市大同區赤峰街28之4號","","P&C Boutique Cafe","赤峰街28之4號","ChIJx--0R3SpQjQRa9Q9xw3w3GA","",""
"taipei","review","Google Places businessStatus = CLOSED_TEMPORARILY","CLOSED_TEMPORARILY","敲我Ciao.O烘焙工作室","新北市新莊區明中街36號","https://www.facebook.com/CiaoCiaoO620/about/","敲我Ciao.O工作室","明中街36號","ChIJHQTv32-oQjQRg_0bXGCWzYQ","",""
"taipei","review","Google Places businessStatus = CLOSED_TEMPORARILY","CLOSED_TEMPORARILY","四婁cafeˊ","新北市土城區中央路三段126巷21號4樓","https://www.facebook.com/四婁Café-257342794995737/?modal=admin_todo_tour","四婁café場地租借｜僅接受預約制｜課程講座｜團體聚餐｜包廂｜咖啡廳","中央路三段126巷21號4 樓","ChIJcwvQWNccaDQR4iGBsWcqfkM","",""
"taipei","review","Google Places businessStatus = CLOSED_TEMPORARILY","CLOSED_TEMPORARILY","Cafe Bastille 台大","台北市大安區溫州街91號","https://www.facebook.com/CafeBastilleT/","Cafe Bastille","溫州街91號","ChIJRfDt-IapQjQRUOPVFCgMI_0","",""
"taipei","review","Google Places businessStatus = CLOSED_TEMPORARILY","CLOSED_TEMPORARILY","Moodie Cafe","新北市樹林區復興路41號","https://www.facebook.com/moodiecafe.2020/","Moodie Pâtisserie｜莯苖甜點工作室（暫停營業）","復興路41號","ChIJFaFsyrEdaDQRtCW2prYKeGQ","",""
"taipei","review","Google Places businessStatus = CLOSED_TEMPORARILY","CLOSED_TEMPORARILY","豐巢咖啡","115台北市南港區舊莊街一段3巷12弄6號","","豐巢咖啡-自家烘焙","舊莊街一段3巷12弄6號","ChIJSwbYEk-rQjQRSjVmlfBD6H8","",""
"taipei","review","Google Places businessStatus = CLOSED_TEMPORARILY","CLOSED_TEMPORARILY","暗角咖啡","台北市中正區廈門街1號","https://www.facebook.com/darkcornercafe/","dark corner cafe","108臺北市萬華區漢口街二段90巷8弄3號二樓","ChIJ3cWhcpupQjQR4-xsBLpSYEk","",""
"taipei","review","Google Places businessStatus = CLOSED_TEMPORARILY","CLOSED_TEMPORARILY","DoDidDone Coffee Research","台北市松山區民權東路三段103巷3號","https://www.facebook.com/dodiddonecoffeeresearch/","DoDidDone Coffee Research","105臺北市松山區健康路58巷3號","ChIJc-SY0-SrQjQR1lvw4yf0gNA","",""
"taipei","review","Google Places businessStatus = CLOSED_TEMPORARILY","CLOSED_TEMPORARILY","士林三號出口咖啡廳","台北市士林區福德路31-1號","https://www.facebook.com/Shilinexit3","士林三號出口咖啡廳","福德路31-1號","ChIJz6Q9H7uuQjQRMljepig5dzk","",""
"taipei","review","Google Places businessStatus = CLOSED_TEMPORARILY","CLOSED_TEMPORARILY","自在田","台北市文山區老泉街45巷27號","https://m.facebook.com/zizaitian","自在田貓空景觀咖啡廳/茶藝館/賞雞/老宅/景觀餐廳(ZiZaiTian: Maokong tea house & restaurants)","老泉街45巷27號","ChIJTfCcec4BaDQR3sxDArUr6RI","",""
"taipei","review","Google Places businessStatus = CLOSED_TEMPORARILY","CLOSED_TEMPORARILY","沐鴉咖啡","台北市中山區伊通街19巷8號","https://www.facebook.com/mooyacafe/","沐鴉咖啡","伊通街19巷8號","ChIJkXjaJWKpQjQRSySQyFxqq8c","",""
"taipei","review","Google Places businessStatus = CLOSED_TEMPORARILY","CLOSED_TEMPORARILY","卡瓦利義式咖啡館","台北市大安區永康街2巷5號","","卡瓦利咖啡館","112臺北市北投區大業路554號","ChIJQagX3rWvQjQR4nbvrzEx81k","",""
"taipei","review","Google Places businessStatus = CLOSED_TEMPORARILY","CLOSED_TEMPORARILY","G log 咖啡館","台北市大安區仁愛路三段31巷16號","","G Log Cafe","仁愛路三段31巷16號1樓","ChIJYYz1yH2pQjQR-zfUyPYGcPw","",""
"taipei","review","Google Places businessStatus = CLOSED_TEMPORARILY","CLOSED_TEMPORARILY","WhyWhy壞壞Cafe","台北市松山區八德路四段245巷32弄20號","https://www.facebook.com/WhyWhyCafe","WhyWhy壞壞Cafe","八德路四段245巷32弄20號","ChIJo7PjX3GrQjQRtLFzCMDjLmk","",""
"taipei","review","Google Places businessStatus = CLOSED_TEMPORARILY","CLOSED_TEMPORARILY","閃咖啡 Shiny Caf'e","111台北市士林區大南路288號","","閃咖啡 Shiny Caf'e","承德路四段278號","ChIJ6RRpSLeuQjQRT80aErM56W4","",""
"taipei","review","Google Places businessStatus = CLOSED_TEMPORARILY","CLOSED_TEMPORARILY","Doffee 驢咖啡","新北市新莊區明中街1號","","Doffee","明中街1號","ChIJq2xWtG-oQjQRCcMomkA6W-A","",""
"taipei","review","Google Places businessStatus = CLOSED_TEMPORARILY","CLOSED_TEMPORARILY","TRIVOC","內湖區新湖ㄧ路143號","https://www.facebook.com/trivoc.2014/","Trivoc","新湖一路143號","ChIJORcjdISrQjQROIhG94Nethw","",""
"taipei","review","Google Places businessStatus = CLOSED_TEMPORARILY","CLOSED_TEMPORARILY","獺空間 Aotter Space","台北市松山區光復北路95號1F","https://www.facebook.com/aotter.space","獺空間 Aotter Space｜coffee shop｜共享空間出租｜場地租借｜活動場地｜粉絲應援｜講座｜會議｜錄音室｜會議室｜寵物友善","光復北路95號","ChIJ1WCx1hirQjQR-PyXB_RmpZc","",""
"taipei","review","Google Places businessStatus = CLOSED_TEMPORARILY","CLOSED_TEMPORARILY","愛上咖啡館A LOVING CAFE","台北市士林區中正路235巷47號","","愛上咖啡館","號 No, No. 47中正路235巷","ChIJTZ7eWaOuQjQRUDMML2_D1Ls","",""
"taichung","review","Google Places businessStatus = CLOSED_TEMPORARILY","CLOSED_TEMPORARILY","CHDC CHΛP Deco & Cuisine","台中市龍井區藝術街107巷21號","https://www.facebook.com/chdc.tw/","恰普慢燉料理小餐館 #寵物友善 CHΛP Deco & Cuisine (CHDC)","藝術街107巷21號","ChIJeYy4-YsVaTQRsm-KUQE4i_c","",""
"taichung","review","Google Places businessStatus = CLOSED_TEMPORARILY","CLOSED_TEMPORARILY","Art a New","台中市西區精誠五街32號","https://www.facebook.com/aNew.Art/?fref=ts","Art aNew","精誠五街32號","ChIJ4fctAZs9aTQRXPCbcEi6yCU","",""
"taichung","review","Google Places businessStatus = CLOSED_TEMPORARILY","CLOSED_TEMPORARILY","弎六手做甜點工作室","台中市北屯區后庄路212號","https://www.facebook.com/No.36Loft/","弎六甜點","后庄路212號2樓","ChIJCSpU1bQXaTQRJO4jPM3Nf-g","",""
"taichung","review","Google Places businessStatus = CLOSED_TEMPORARILY","CLOSED_TEMPORARILY","Okiedokie cafe","台中市西區華美西街一段52號","https://www.facebook.com/OkieDokie.Cafe/","OkieDokie Cafe X 歐氣堂","精誠十二街8號","ChIJxSUguZs9aTQR7rNCzP-EmA8","",""
"taichung","review","Google Places businessStatus = CLOSED_TEMPORARILY","CLOSED_TEMPORARILY","meets覓食","台中市西區精誠22街29號","https://www.facebook.com/MeetsBistro/","Meets覓食｜台中Bistro餐酒館","精誠二十二街29號","ChIJDcIhd5g9aTQRdHmfU5Y9xTk","",""
"taichung","review","Google Places businessStatus = CLOSED_TEMPORARILY","CLOSED_TEMPORARILY","mirror cafe競子咖啡","台中市西區模範街23巷11號","www.facebook.com/mirrorcafe11","Mirror Cafe競子咖啡","模範街23巷3號","ChIJvc1ni3U9aTQRLO6_KfW11Aw","",""
"taichung","review","Google Places businessStatus = CLOSED_TEMPORARILY","CLOSED_TEMPORARILY","Solidbean Coffee Roasters","台中市西區精誠三街28號","https://www.facebook.com/solidbeancoffeeroasters/","Solidbean 硬豆咖啡","精誠三街28號","ChIJ3V7TI5s9aTQRV4cUv7zqWm8","",""
"taichung","review","Google Places businessStatus = CLOSED_TEMPORARILY","CLOSED_TEMPORARILY","愛喬伊烘焙","台中市西區均安街82號","https://www.facebook.com/2magpiesbakehouose/","愛喬伊烘焙坊（2magpies bakehouse)","均安街82號","ChIJgwlT5-g9aTQRNl1pb01VvW8","",""
"taichung","review","Google Places businessStatus = CLOSED_TEMPORARILY","CLOSED_TEMPORARILY","珈琲院","403台中市西區存中街165號","https://www.facebook.com/coffeeareatw","珈琲院","存中街165號","ChIJZ4mPmqQ9aTQR7QX9aC7Z_Nc","",""
"taichung","review","Google Places businessStatus = CLOSED_TEMPORARILY","CLOSED_TEMPORARILY","東麗風店茶花咖啡","台中南屯區文心南五路三段243號","https://www.facebook.com/donlicamellia243/","東麗風店茶花咖啡","文心南五路三段243號","ChIJVTAjONs9aTQRTR8X85_FZq4","",""
"taichung","review","Google Places businessStatus = CLOSED_TEMPORARILY","CLOSED_TEMPORARILY","時間軸食宿工坊","台中市龍井區遠東街204巷18號","https://www.facebook.com/timelinecafestudio/","204巷","遠東街204巷18號","ChIJ1zV-nP8VaTQR8G0uEnIorbI","",""
"taichung","review","Google Places businessStatus = CLOSED_TEMPORARILY","CLOSED_TEMPORARILY","青川流","436台中市清水區清水街22號","","青川流","清水街22號","ChIJvVNMTX4UaTQRGQgxyilLxq0","",""
"taichung","review","Google Places businessStatus = CLOSED_TEMPORARILY","CLOSED_TEMPORARILY","Belle Journée貝爵妮法式點心坊","403台灣台中市西區精誠五街34號","https://www.facebook.com/Patisserie.BJ/","貝爵妮法式點心坊","精誠五街34號","ChIJs5_ZBps9aTQRVxok4BR-osI","",""
"taichung","review","Google Places businessStatus = CLOSED_TEMPORARILY","CLOSED_TEMPORARILY","G.T. 解憂咖啡館","436台中市清水區民有路120巷122號","","G.T. 解憂咖啡館","民有路120巷122號","ChIJsSvsVLwTaTQRm3xFjBGHbkk","",""
"taichung","review","Google Places businessStatus = CLOSED_TEMPORARILY","CLOSED_TEMPORARILY","黑貓月亮咖啡館","台中市西屯區黎明路二段860巷28號","http://www.blackcatmoon.com.tw","黑貓月亮咖啡館","黎明路二段860巷28號","ChIJ68e93I89aTQR5XFoWXEgGko","",""
"taichung","review","Google Places businessStatus = CLOSED_TEMPORARILY","CLOSED_TEMPORARILY","光明客棧 idea Lab. CAFÉ 十樓咖啡館","台中市西屯區台灣大道三段540號10樓之5","http://idealab.com.tw","光明客棧 idea cafe' ( 預約制私人空間 )","臺灣大道三段540號 10號540號 十樓之5樓之5","ChIJdSrf8PQ9aTQRt6kTQDHmUMU","",""
"taichung","review","Google Places businessStatus = CLOSED_TEMPORARILY","CLOSED_TEMPORARILY","空間咖啡","后里區圳寮路140號","","Space cafe 空間咖啡-只能預約（團體包場、手作DIY）","圳寮路140號","ChIJD15tlrcaaTQReopFGv8ji1g","",""
"taichung","review","Google Places businessStatus = CLOSED_TEMPORARILY","CLOSED_TEMPORARILY","Come Late Caf'e","403台中市西區西屯路一段173-10號","","Come Late Caf'e","西屯路一段167巷1號","ChIJ9R3xJSs9aTQRgnR1jtTblvs","",""
"taichung","review","Google Places businessStatus = CLOSED_TEMPORARILY","CLOSED_TEMPORARILY","未央 musicafé  咖啡．音樂","台中市西屯區上石南八巷42號","https://www.facebook.com/pg/endlessmusicafe/about/","未央 musicafé 咖啡．音樂","上石南八巷42號","ChIJV9432CEWaTQRVmxGgVsTZI8","",""
"taichung","review","Google Places businessStatus = CLOSED_TEMPORARILY","CLOSED_TEMPORARILY","Cupgaze","台中市北區博館一街13號","https://www.facebook.com/cupgaze/","Cupgaze Cafe （暫停營業）","博館一街13號","ChIJzX_hjHc9aTQREQ0tS8EaVqo","",""
"tainan","review","Google Places businessStatus = CLOSED_TEMPORARILY","CLOSED_TEMPORARILY","findcoffee 找咖啡","台南市佳里區平等街183號","https://www.facebook.com/findcoffee183/","找咖啡 (不定時公休，詳細請看FB專頁)","平等街183號","ChIJ2TNIprR4bjQRUMF7HG5OoiE","",""
"tainan","review","Google Places businessStatus = CLOSED_TEMPORARILY","CLOSED_TEMPORARILY","福米cafe","台南市中西區西門路一段536號","","福米cafe","西門路一段536號","ChIJWfD5QXl2bjQRKFSrnRLmXkY","",""
"tainan","review","Google Places businessStatus = CLOSED_TEMPORARILY","CLOSED_TEMPORARILY","雷克斯咖啡吧","台南市北區南園街153巷2號","https://www.facebook.com/Rexespressobar/","雷克斯咖啡吧（翻新裝潢暫時停業中）","南園街153巷2號","ChIJUWPUZuh2bjQRK4LlNcGNrkg","",""
"tainan","review","Google Places businessStatus = CLOSED_TEMPORARILY","CLOSED_TEMPORARILY","咖啡．候機室The Departure Lounge台南大同店","701台南市東區大同路一段231號","","咖啡候機室 台南大同店","大同路一段231號","ChIJkb46LuV3bjQR-aR2BYzYgcM","",""
"tainan","review","Google Places businessStatus = CLOSED_TEMPORARILY","CLOSED_TEMPORARILY","貓吐司","台南市東區大學路22巷16-1號","https://www.facebook.com/fatcattoast/","貓吐司堡專賣店","大學路22巷16-1號","ChIJH5_Xn5N2bjQRQH76vGyJsmk","",""
"tainan","review","Google Places businessStatus = CLOSED_TEMPORARILY","CLOSED_TEMPORARILY","Ho-Yo Cookies","700台南市中西區中正路138巷6號","","HO-YO Cookies","中正路138巷6號","ChIJV8r4YGN2bjQRz2uA-LpmnG0","",""
"tainan","review","Google Places businessStatus = CLOSED_TEMPORARILY","CLOSED_TEMPORARILY","MR PIKI Cafe'","台南市北區中華北路二段90巷50號","MR PIKI Roasters","MR PIKI 澳式咖啡專家《咖啡技能培訓》咖啡講座｜烘豆教學｜精品咖啡｜咖啡豆專賣｜批發｜零售","中華北路二段90巷50號","ChIJi6UEuqd3bjQRsalOLGEKosc","",""
"tainan","review","Google Places businessStatus = CLOSED_TEMPORARILY","CLOSED_TEMPORARILY","喝我咖啡 Hold My Cafe‘ 咖啡豆專門店","700台南市中西區康樂街282巷17號","https://linktr.ee/holdmycafe","喝我咖啡 Hold My Cafe‘ 咖啡豆自烘專門店Coffee roaster 店休中","海安路二段301巷17號","ChIJ_ZgOVr13bjQRT02xSbUG0o4","",""
"tainan","review","Google Places businessStatus = CLOSED_TEMPORARILY","CLOSED_TEMPORARILY","ROOM A","台南市中西區康樂街21號","https://www.facebook.com/on.RoomA/","Room A","康樂街21號3F","ChIJlWzRbHl2bjQRjKtopVctaAg","",""
"kaohsiung","review","Google Places businessStatus = CLOSED_TEMPORARILY","CLOSED_TEMPORARILY","溫柔實驗室","高雄市鹽埕區大公路62號","","溫柔實驗室","大公路62號","ChIJRVEitP4FbjQRMa-7rEY22c0","",""
"kaohsiung","review","Google Places businessStatus = CLOSED_TEMPORARILY","CLOSED_TEMPORARILY","KSL Coffee","高雄市鳳山區青年路二段167號","https://www.facebook.com/Kslcoffee/","KSL Coffee＊整修中，暫停營業","青年路二段167號","ChIJVRA1cDEbbjQRR_XKtVK8gXU","",""
"kaohsiung","review","Google Places businessStatus = CLOSED_TEMPORARILY","CLOSED_TEMPORARILY","Hu's Coffee 誰的咖啡","826高雄市梓官區赤崁西路24號","https://www.facebook.com/huscoffeee/","已搬家-Hu's Coffee 誰的咖啡 -最新資訊請看粉專、IG","赤崁西路24號","ChIJV-IWZmsJbjQRRtOwvVKocJE","",""
"kaohsiung","review","Google Places businessStatus = CLOSED_TEMPORARILY","CLOSED_TEMPORARILY","Grace Café 典．咖啡 Love．Story．Coffee","802高雄市苓雅區仁智街4號","https://m.facebook.com/gracecafe0507","Grace Café 典．咖啡 Love．Story．Coffee","仁智街4號","ChIJV_lnIwcDbjQRmzXq6nMR6pc","",""
"kaohsiung","review","Google Places businessStatus = CLOSED_TEMPORARILY","CLOSED_TEMPORARILY","Bikecoffee - 拜克咖啡","高雄市三民區林森一路345巷13號","https://www.facebook.com/Bikecoffee-%E6%8B%9C%E5%85%8B%E5%92%96%E5%95%A1-142406032633950/","Bikecoffee - 拜克咖啡","林森一路345巷13號","ChIJ6RRSDfMEbjQR36lJUXPoXgw","",""
"kaohsiung","review","Google Places businessStatus = CLOSED_TEMPORARILY","CLOSED_TEMPORARILY","好意外咖啡","高雄市左營區文上路38號","https://www.facebook.com/SerendipityCoffeeRoasters/?fref=ts","MEDIUM & CO. 質介社会 • Café & Bistro","文上路38號","ChIJD6AM5AgFbjQR_o9sRIsn6Q0","",""
"kaohsiung","review","Google Places businessStatus = CLOSED_TEMPORARILY","CLOSED_TEMPORARILY","芝咖啡","高雄市左營區明誠二路265號","","芝咖啡","明誠二路265號","ChIJHVGry_8EbjQRfoCxwBi-K24","",""
"kaohsiung","review","Google Places businessStatus = CLOSED_TEMPORARILY","CLOSED_TEMPORARILY","一麥珈琲","高雄市左營區自由二路382號","https://m.facebook.com/Yimile0906570470/?locale2=zh_TW","一麥珈琲 Yi Mile","自由二路382號","ChIJfxvkKxsFbjQRayl-42ud7Hk","",""
"kaohsiung","review","Google Places businessStatus = CLOSED_TEMPORARILY","CLOSED_TEMPORARILY","MINI.D COFFEE 中正館","800高雄市新興區中正三路68-2號","","MINI.D COFFEE 中正館","中正三路68-2號","ChIJyUOCbykFbjQRKtsv8R0PPEQ","",""
"kaohsiung","review","Google Places businessStatus = CLOSED_TEMPORARILY","CLOSED_TEMPORARILY","青田","新田路29號","https://www.facebook.com/SugarAnndc/","青田甜作 AOTa D&C","新田路29號","ChIJDeJrPYUEbjQR2QOma2ueRgw","",""
"kaohsiung","review","Google Places businessStatus = CLOSED_TEMPORARILY","CLOSED_TEMPORARILY","咖啡這件事","高雄市左營區華夏路262號","咖啡這件事","咖啡這件事 Coffee&Things","華夏路262號","ChIJPXpY1cAFbjQRgeX6BOO78tI","",""
"kaohsiung","review","Google Places businessStatus = CLOSED_TEMPORARILY","CLOSED_TEMPORARILY","貓武將","高雄市大社區大社路137號","https://www.facebook.com/pages/%E8%B2%93%E6%AD%A6%E5%B0%87/130251404010625?fref=ts","貓武將預約制","大社路137號","ChIJ2a-h6tIRbjQRLF8WXAHSfo8","",""
"hsinchu","review","Google Places businessStatus = CLOSED_TEMPORARILY","CLOSED_TEMPORARILY","boring coffee","新竹市東區世傑路228號","https://www.instagram.com/coffeeboring/","( boring coffee )","世傑路228號","ChIJI62wbIc3aDQREOemzNdN5o4","",""
"hsinchu","review","Google Places businessStatus = CLOSED_TEMPORARILY","CLOSED_TEMPORARILY","Coffee SHOT 珈琲夏特","新竹市中正路67巷內 / 東門市場1樓1049室 ","https://www.facebook.com/Coffee-SHOT-%E7%8F%88%E7%90%B2%E5%A4%8F%E7%89%B9-131973000635960/","Coffee SHOT 珈琲夏特","300新竹市東區東門市場1049攤號","ChIJOwzCvcE1aDQRQraJA0k6n1E","",""
"hsinchu","review","Google Places businessStatus = CLOSED_TEMPORARILY","CLOSED_TEMPORARILY","風徐徐 homebibi","新竹市東區民權路102號","https://www.facebook.com/homebibicafe/","風徐徐 homebibi","民權路102號","ChIJO-8-t8Q1aDQRI6sdHBeVcEU","",""
"hsinchu","review","Google Places businessStatus = CLOSED_TEMPORARILY","CLOSED_TEMPORARILY","Coffee SHOT 珈琲夏特","新竹市中正路67巷內 / 東門市場1樓1049室 (影像博物館旁巷內)","https://www.facebook.com/Coffee-SHOT-%E7%8F%88%E7%90%B2%E5%A4%8F%E7%89%B9-131973000635960/","Coffee SHOT 珈琲夏特","東門市場1049攤號","ChIJOwzCvcE1aDQRQraJA0k6n1E","",""
"hsinchu","review","Google Places businessStatus = CLOSED_TEMPORARILY","CLOSED_TEMPORARILY","城咖URBAN TRIBE","新竹市北區武陵路22號號 1 樓","https://www.facebook.com/urbantribetw/","Urban Tribe 城咖牛排餐酒館｜VIP ROOM @489fyzoj","武陵路22號","ChIJR_CPk7c1aDQRAL5aqaYaeAY","",""
"hsinchu","review","Google Places businessStatus = CLOSED_TEMPORARILY","CLOSED_TEMPORARILY","小南瓜咖啡館 Little Pumpkin Cafe","302054新竹縣竹北市六家五路一段207號","https://www.facebook.com/littlepumpkincafe/","小南瓜咖啡館 Little Pumpkin Cafe","六家五路一段207號","ChIJgQAziKM3aDQR7tR_IYk_hiA","",""
"hsinchu","review","Google Places businessStatus = CLOSED_TEMPORARILY","CLOSED_TEMPORARILY","階段甜點","新竹市北區長安街89號","","階段甜點（無內用，提供外帶客訂蛋糕）","長安街89號","ChIJwRKferU1aDQRcqM-H7UIJgI","",""
"hsinchu","review","Google Places businessStatus = CLOSED_TEMPORARILY","CLOSED_TEMPORARILY","Midori Pastry 綠境甜點工作室","新竹市中南街45號","https://www.facebook.com/midoripastry","Midori Pastry 綠境甜點工作室(僅供取貨，無對外營業)","300新竹市東區中山路312巷","ChIJweaS9hI1aDQRE9-Y-26Hf14","",""
"hsinchu","review","Google Places businessStatus = CLOSED_TEMPORARILY","CLOSED_TEMPORARILY","昀熙咖啡","新竹市東區新竹市三民路9-3號1樓","https://www.facebook.com/purplegolden","昀熙咖啡","三民路9-3號入口在可不可紅茶對面","ChIJW4N16cQ1aDQRDBeVmIDIFl0","",""
"hsinchu","review","Google Places businessStatus = CLOSED_TEMPORARILY","CLOSED_TEMPORARILY","Dig in comfort food&coffee癮 . 舒 .食","302新竹縣竹北市六家一路一段7號","","癮 . 舒 .食","六家一路一段7號1樓","ChIJIT9a8_k3aDQRcYsaFIcvOhs","",""
"taoyuan","review","Google Places businessStatus = CLOSED_TEMPORARILY","CLOSED_TEMPORARILY","山錡咖啡","326桃園市楊梅區萬大路14號","","山錡咖啡","萬大路14號","ChIJURpd0VAjaDQR2q1X7abZE10","",""
"taoyuan","review","Google Places businessStatus = CLOSED_TEMPORARILY","CLOSED_TEMPORARILY","Flowering 綻放咖啡","桃園市萬壽路二段1427號","https://www.floweringty.com/","Flowering 綻放果凍花 | 天然果汁在蒟蒻裡綻放","萬壽路二段1427號1樓","ChIJj4E1wBQfaDQRWVo4AumRerU","",""
"taoyuan","review","Google Places businessStatus = CLOSED_TEMPORARILY","CLOSED_TEMPORARILY","木木秧咖啡","桃園市大溪區慈光街128號","","木木秧咖啡","慈光街128號","ChIJq-qc-GwYaDQRKbfINT82G_E","",""
"taoyuan","review","Google Places businessStatus = CLOSED_TEMPORARILY","CLOSED_TEMPORARILY","沐瑟咖啡","桃園市蘆竹區南平街31號","https://www.facebook.com/CAPO.CAFE.CAPO/?ref=aymt_homepage_panel","沐瑟咖啡 CAPO CAFE","號 No, No. 31南平街","ChIJ-1OwK98faDQRtA-E_omYm0E","",""
"taoyuan","review","Google Places businessStatus = CLOSED_TEMPORARILY","CLOSED_TEMPORARILY","冷杉咖啡 Silver Tree Coffee","桃園市中壢區慈惠二街56號","https://www.instagram.com/_silvertreecoffee_/","冷杉咖啡SilverTreeCoffee","慈惠二街56號","ChIJyZvk5CgjaDQRVhDIb0VGzE4","",""
"taoyuan","review","Google Places businessStatus = CLOSED_TEMPORARILY","CLOSED_TEMPORARILY"," Hidden Dream 嚐夢甜點","桃園市桃園區民光路127號","https://www.facebook.com/JosCornerCafe/","Hidden Dream 嚐夢甜點（目前暫時休息，參考貼文說明）","302新竹縣竹北市中正西路498號","ChIJn6KIa6ofaDQRQA1_jxzdY58","",""
"taoyuan","review","Google Places businessStatus = CLOSED_TEMPORARILY","CLOSED_TEMPORARILY","年輕的老頭","桃園市龍潭區聖亭路八德段22號","http://youngoldcoffee.blogspot.com/","年輕的老頭咖啡 Young Oldie Coffee","聖亭路八德段22號","ChIJJ9DNH-k8aDQRzMDL-s2q-ZI","",""
"taoyuan","review","Google Places businessStatus = CLOSED_TEMPORARILY","CLOSED_TEMPORARILY","Mr.Coffee Grano格蕾諾","桃園市桃園區大興路288號","@Mr.Coffeegrano","Mr.Coffee Grano(格蕾諾）","大興路288號","ChIJC-ZfqR8faDQRx8zNfQqskyQ","",""
"taoyuan","review","Google Places businessStatus = CLOSED_TEMPORARILY","CLOSED_TEMPORARILY","菲拉帖啡","桃園巿桃園區國際路二段555號","https://website-1708288507471630503128-coffeestore.business.site/","菲拉帖啡CAFE","國際路二段555號","ChIJt88sgZgfaDQR6DH7-U0-F1M","",""
"taoyuan","review","Google Places businessStatus = CLOSED_TEMPORARILY","CLOSED_TEMPORARILY","有間咖啡工作室","桃園市楊梅區福羚路232巷30弄3號(三合院內)","https://www.instagram.com/you_jian_ka_fei/","有間咖啡工作室","福羚路232巷30弄3號三合院內 >>請往三合院方向","ChIJ2UNAn_cjaDQRKttyzzXGTCA","",""
"yilan","review","Google Places businessStatus = CLOSED_TEMPORARILY","CLOSED_TEMPORARILY","禾子咖啡","宜蘭市農權路三段197巷1弄2號 Yilan City","https://www.facebook.com/hzcoffee/","禾子咖啡","農權路三段197巷1弄2號","ChIJNX6MOpTkZzQRTb3F-tQIGIs","",""
"yilan","review","Google Places businessStatus = CLOSED_TEMPORARILY","CLOSED_TEMPORARILY","語後咖啡 Ameagari Cafe","宜蘭市延平路42巷6號","https://www.facebook.com/AmeagariCafe/","語後咖啡","延平路42巷6號","ChIJ7-LrbdjkZzQRM8U0tcF9Jso","",""
"yilan","review","Google Places businessStatus = CLOSED_TEMPORARILY","CLOSED_TEMPORARILY","郁見幸福","宜蘭市健康路二段117號","https://www.facebook.com/yubakingstudio/","郁見幸福Coffe&Cake","健康路二段117號","ChIJTefAM-jkZzQRiTwsG8AfGdI","",""
"yilan","review","Google Places businessStatus = CLOSED_TEMPORARILY","CLOSED_TEMPORARILY","南澳好糧食堂 Good Eats Cafe","蘇澳鎮南澳路13-1號","https://www.facebook.com/goodeatscafe/","南澳好糧食堂","蘇花路二段326巷18號","ChIJlZo2fSnbZzQRZh9BLYDWwDM","",""
"yilan","review","Google Places businessStatus = CLOSED_TEMPORARILY","CLOSED_TEMPORARILY","破布烏咖啡 Popuwoo Cafe","宜蘭縣三星鄉三星路六段465號","https://www.facebook.com/%E7%A0%B4%E5%B8%83%E7%83%8F%E5%92%96%E5%95%A1-Popuwoo-Cafe-1176803449112932/","破布烏咖啡 Popuwoo Cafe","三星路六段465號","ChIJC-qYiy7gZzQRiap5iWm3MSg","",""
"yilan","review","Google Places businessStatus = CLOSED_TEMPORARILY","CLOSED_TEMPORARILY","光覺咖啡 Lighten Cafe"," 宜蘭蘇澳鎮中原路228號","https://www.facebook.com/lightenCafe/","光覺咖啡 Lighten Cafe","270宜蘭縣蘇澳鎮中原路228號","ChIJU3fgLU77ZzQRFnjQxR5vfr0","",""
"yilan","review","Google Places businessStatus = CLOSED_TEMPORARILY","CLOSED_TEMPORARILY","大手小手咖啡屋","260宜蘭縣宜蘭市建業路85號","","大手小手咖啡屋","建業路85號","ChIJtfn-2pPlZzQRcSKipgZ8-yY","",""
"yilan","review","Google Places businessStatus = CLOSED_TEMPORARILY","CLOSED_TEMPORARILY","Café SoDavid","宜蘭縣羅東鎮中華路255號","","CAFÉ SoDavid","中華路255號26541 Lotung","ChIJb_IbDdTlZzQR-E2HSpo4Nw0","",""
"yilan","review","Google Places businessStatus = CLOSED_TEMPORARILY","CLOSED_TEMPORARILY","Link88","宜蘭縣蘇澳鎮中山路一段88號","","Link88咖啡廳（寵物友善）","中山路一段88號","ChIJvwEsiDboZzQR8rqSG04FhIE","",""
"hualien","review","Google Places businessStatus = CLOSED_TEMPORARILY","CLOSED_TEMPORARILY","花蓮秘密海咖啡","花蓮縣花蓮市海濱街66號","https://www.facebook.com/secretseacoffee/?fref=ts","秘密海小館","海濱街66號1樓","ChIJsU1rOeifaDQR56W01brD6xc","",""
"hualien","review","Google Places businessStatus = CLOSED_TEMPORARILY","CLOSED_TEMPORARILY","小室集合空間","花蓮市有恆街3號","https://www.facebook.com/花蓮-咖啡-小室集合空間-1605452359481678","小室咖啡 花蓮總店","有恆街3號","ChIJr-LtlKOfaDQRyU1fEqJK_2o","",""
"hualien","review","Google Places businessStatus = CLOSED_TEMPORARILY","CLOSED_TEMPORARILY","Koukouvagia 咕咕發芽咖啡驛棧","花蓮縣玉里鎮大同路58號","https://www.facebook.com/koukouvagiacafe/","Koukouvagia 咕咕發芽咖啡驛棧","大同路58號","ChIJAWylgWRqbzQRgdv-FT89I2o","",""
"hualien","review","Google Places businessStatus = CLOSED_TEMPORARILY","CLOSED_TEMPORARILY","斗。宅商社 Cafe & Bar","花蓮市福建街460號 (鐵道文化園區二館內)","https://www.facebook.com/Shibainu159.7","花聲客廳（咖啡&酒吧&週末現場演出）","福建街460號","ChIJG0Ns5hCfaDQRPb_Cyv2ywZI","",""
"taitung","review","Google Places businessStatus = CLOSED_TEMPORARILY","CLOSED_TEMPORARILY","Deep Coffee","台東縣台東市豐榮路24巷1號","https://www.facebook.com/deepcoffee241/","Deep Coffee","豐榮路24巷1號","ChIJk_ZWVRq5bzQRGIYKlv4gwIc","",""
"keelung","review","Google Places businessStatus = CLOSED_TEMPORARILY","CLOSED_TEMPORARILY","「像極了愛情」人文共享空間","基隆市中正區北寧路2號，海洋大學學生活動中心1F，貴族世家隔壁","https://bit.ly/3eTre7s","像極了愛情·人文共享空間·甜點·咖啡·無酒精調飲·自家手作甜點·海大甜點","北寧路2號海洋大學學生活動中心1F","ChIJmS_jN4VPXTQRFkY3ZD7aktc","",""
"keelung","review","Google Places businessStatus = CLOSED_TEMPORARILY","CLOSED_TEMPORARILY","像極了愛情｜人文共享空間","基隆市中正區北寧路2號_海大學生活動中心1F(貴族世家牛排/右手邊隔壁)","https://www.facebook.com/JustLikeLove/","像極了愛情·人文共享空間·甜點·咖啡·無酒精調飲·自家手作甜點·海大甜點","北寧路2號海洋大學學生活動中心1F","ChIJmS_jN4VPXTQRFkY3ZD7aktc","",""
"keelung","review","Google Places businessStatus = CLOSED_TEMPORARILY","CLOSED_TEMPORARILY","SOH Espresso Cafe","基隆市劉銘傳路6巷24號","https://www.facebook.com/sohespresso/","SOH Espresso Cafe","劉銘傳路6巷24號","ChIJWQ7wITlOXTQRquD1EE9s5x8","",""
"keelung","review","Google Places businessStatus = CLOSED_TEMPORARILY","CLOSED_TEMPORARILY","FLOW CAFE","東信路35巷4號1樓","https://www.facebook.com/flowcafetw/","FLOW CAFE","200基隆市仁愛區忠二路68號2樓","ChIJwUDkX4pPXTQRIIHZIjYgRls","",""
"keelung","review","Google Places businessStatus = CLOSED_TEMPORARILY","CLOSED_TEMPORARILY","語水工作室","202基隆市中正區正豐街35號2樓","","語水工作室","正豐街35號2樓","ChIJ4-itWMpPXTQR1BeWmWI0cLo","",""
"keelung","review","Google Places businessStatus = CLOSED_TEMPORARILY","CLOSED_TEMPORARILY","行者咖啡館","基隆市仁愛區愛二路45號3樓","","行者咖啡館","愛二路45號3 樓","ChIJe6qRiBVOXTQRUqRranT5HJ4","",""
"miaoli","review","Google Places businessStatus = CLOSED_TEMPORARILY","CLOSED_TEMPORARILY","OLULU Cafe & 傑恩咖啡工廠(苑裡店)","苗栗縣苑裡鎮上館里九鄰上館180-1號","https://www.facebook.com/JustGoCoffee/","OLULU Cafe & 傑恩咖啡工廠（OLULU Cafe暫時歇業啦～轉換型態中！新模式還請待後續公告🙏）","火炎山七路180號358","ChIJ-35dhJ0PaTQRjr84hDzrMhU","",""
"changhua","review","Google Places businessStatus = CLOSED_TEMPORARILY","CLOSED_TEMPORARILY","咪咖啡","彰化縣彰化市陳稜路189號之1號","https://www.facebook.com/micafeshop/","咪咖啡 Mi_cafe'外帶專門（5/23開始休息，會盡快滿血回歸）","189號之, No. 1陳稜路","ChIJPZz8-YQ5aTQRhEFMDwJto2M","",""
"changhua","review","Google Places businessStatus = CLOSED_TEMPORARILY","CLOSED_TEMPORARILY","硬巷咖啡 Hard Ln, cafe'","510彰化縣員林市溝皂北三街70號","","HardLn Cafe","溝皂北三街70號","ChIJqwuzom83aTQRe8UMCp3VmjA","",""
"yunlin","review","Google Places businessStatus = CLOSED_TEMPORARILY","CLOSED_TEMPORARILY","Easy Coffee 現烘手沖咖啡店","雲林縣麥寮鄉中正路89號","","Easy Coffee 現烘手沖咖啡店","中正路89號","ChIJ89uYcVOvbjQRWpfhoVdtygk","",""
"yunlin","review","Google Places businessStatus = CLOSED_TEMPORARILY","CLOSED_TEMPORARILY","AOKI咖啡","雲林縣北港鎮太平路89號","","AOKI CAFE","太平路89號","ChIJ9xbj4IyibjQR6B8RAR7F588","",""
"chiayi","review","Google Places businessStatus = CLOSED_TEMPORARILY","CLOSED_TEMPORARILY","Picgather吾友野事","嘉義縣中埔鄉和興村公館97-20號","https://www.facebook.com/picgather","Picgather 吾友野事","公館97-20號","ChIJv-8ZWuSTbjQR1n8uKdI-Pmg","",""
"chiayi","review","Google Places businessStatus = CLOSED_TEMPORARILY","CLOSED_TEMPORARILY","奇喚咖啡","600嘉義市西區保安一路保安市場29號","","奇喚咖啡","600嘉義市東區民權路254號","ChIJk2vraaSXbjQRokBNAgH79jk","",""
"chiayi","review","Google Places businessStatus = CLOSED_TEMPORARILY","CLOSED_TEMPORARILY","Dadala cafe","600嘉義市東區延平街219號","","DADALA Cafe & Stationery","延平街219號","ChIJoyTdcgCVbjQRuHdmU4hTqeE","",""
"chiayi","review","Google Places businessStatus = CLOSED_TEMPORARILY","CLOSED_TEMPORARILY","美好咖啡","嘉義市東區啟明路146號","https://www.facebook.com/mihocoffee/","美好咖啡店ＭihoCoffee 最後營業日2024/06/30","啟明路146號","ChIJiwuxhQOVbjQRwMXkB0tfybw","",""
"pingtung","review","Google Places businessStatus = CLOSED_TEMPORARILY","CLOSED_TEMPORARILY","Eske Place Coffee House","屏東縣屏東市民享路142號","https://www.facebook.com/eskeplace","Eske Place Coffee House","民享路142號","ChIJp0jF3ZMXbjQRXLjEBBiM6CQ","",""
"pingtung","review","Google Places businessStatus = CLOSED_TEMPORARILY","CLOSED_TEMPORARILY","小白咖啡店","屏東縣屏東市豐榮街209號旁邊空地","","小白咖啡店","豐榮街209號旁邊空地","ChIJUfj8_L8XbjQR-_yXywZwzyo","",""
