"city","category","reason","business_status","name","address","source_url","google_match_name","google_match_address","google_place_id","google_maps_url"
"hsinchu","suspected_closed","Google matched a different active business at the same address","OPERATIONAL","九慕手烘咖啡 Mooor coffee","東區中正路60號","https://www.facebook.com/mooorcoffee/","Jiumu Coffee Roasters九慕咖啡","中正路60號","ChIJ79WFgsE1aDQRsaZRQgF4H6g",""
"hsinchu","suspected_closed","Google matched a different active business at the same address","OPERATIONAL","三角咖啡館 Café Triangle","新竹縣竹北市莊敬北路286號","","Spot Coffee Roasters","莊敬北路286號","ChIJW68b6eY2aDQRX4qewjHXEX0",""
"hsinchu","suspected_closed","Google matched a different active business at the same address","OPERATIONAL","六十一巷咖啡","新竹市東區東山街61巷7號","https://www.facebook.com/61巷咖啡工房河馬咖啡-503882569699697/","61巷咖啡工房-河馬咖啡","東山街61巷7號1樓","ChIJXYyPXuY1aDQR3iHE56BGUIU",""
"hsinchu","suspected_closed","Google matched a different active business at the same address","OPERATIONAL","吉十Godspeed Café ","新竹市北門街36號","https://www.facebook.com/godspeedlucky10/","吉十咖啡 CAFÉ GODSPEED(無使用谷歌，請透過IG聯絡）","北門街36號","ChIJo2TYFRY1aDQRAOIRCJ4lAqk",""
"hsinchu","suspected_closed","Google matched a different active business at the same address","OPERATIONAL","曲嶺商行","300新竹市北區光華東街22巷5號","","曲嶺Chuling. 熟成咖啡&甜點","光華東街22巷5號","ChIJ2YV1aDM1aDQRwITRN2dMDyc",""
"hsinchu","suspected_closed","Google matched a different active business at the same address","OPERATIONAL","竹科車庫餐廳","新竹市東區新安路2-2號","https://m.facebook.com/%E7%AB%B9%E7%A7%91%E8%BB%8A%E5%BA%AB%E9%A4%90%E5%BB%B3-1611168985820398/?ref=page_internal&mt_nav=1","Garage Hub 車庫餐廳","新安路2-2號","ChIJ09pvkRk2aDQRPir_dOfhn6M",""
"hsinchu","suspected_closed","Google matched a different active business at the same address","OPERATIONAL","咖啡．候機室The Departure Lounge新竹光復店","新竹市東區光復路一段360-8號","","咖啡候機室 新竹光復店","光復路一段360-8號1樓","ChIJCzGL4oA3aDQRrIH82PEZ834",""
"hsinchu","suspected_closed","Google matched a different active business at the same address","OPERATIONAL","客美多咖啡-新竹公道店","新竹市東區公道五路三段1號","https://komeda.com.tw/","客美多咖啡 Komeda‘s Coffee - 新竹公道店","公道五路三段1號","ChIJ_eJcZ_c3aDQRW9HJsKYFO08",""
"hsinchu","suspected_closed","Google matched a different active business at the same address","OPERATIONAL","巷弄田園休閒農村廚房","新竹市北區東大路二段605巷50號","https://www.facebook.com/farmcoffee.tw/","巷弄田園烤肉區","東大路二段605巷50號","ChIJ_VB56LM1aDQRF4H3imYfBq4",""
"hsinchu","suspected_closed","Google matched a different active business at the same address","OPERATIONAL","森川咖啡","302新竹縣竹北市光明六路東一段245號","","COFFEE OBJECT咖啡曜日（外帶咖啡bar、植感飲食、寵物友善）","光明六路東一段245號","ChIJzXtiQfs2aDQRp8mu80UPeUY",""
"hsinchu","suspected_closed","Google matched a different active business at the same address","OPERATIONAL","貳參咖啡23COFFEEROASTERS","新竹市北區西門街152號","https://www.facebook.com/23cafe23/","貳參咖啡-西門店「無訂位服務」","西門街152號","ChIJg1aZ5ZQ1aDQRxib5yEmSpr8",""
"hsinchu","suspected_closed","Google matched a different active business at the same address","OPERATIONAL","葉月舍","300新竹市北區仁德街78號","","小日和（公休IG公告為主）","仁德街78號","ChIJtZXQXgA1aDQRaM_FE0o9Jp8",""
"hsinchu","suspected_closed","Google matched a different active business at the same address","OPERATIONAL","過日子咖啡館","新竹市北區水田街91巷9號","https://www.facebook.com/livelifecafe/","DoDidDone Coffee Cottage","水田街91巷9號","ChIJH3dDD0o1aDQRJludesquIXg",""
"hsinchu","suspected_closed","Google matched a different active business at the same address","OPERATIONAL","橘時咖啡新竹關新店","300新竹市東區關新路45號","","橘時咖啡 Orange time coffee 新竹關新店","關新路45號","ChIJV2LUlv83aDQRGypi8009PJs",""
"hsinchu","suspected_closed","Google matched a different active business at the same address","OPERATIONAL","藍豆咖啡","新竹縣竹北市文興路205號","https://www.facebook.com/bluebeanscafe/","道禾三代塾","文興路205號","ChIJRdGAKEA3aDQRAeUYchcOu3U",""
"hsinchu","suspected_closed","Google matched a different active business at the same address","OPERATIONAL","寶地咖啡店 baodi treasureland","300新竹市東區東前街18號","","寶地咖啡甜點店 ⛁ Baodi Coffee Bar","東前街18號","ChIJD7uiCiM1aDQRnTjQt9GSB8M",""
"hsinchu","suspected_closed","Google matched a different active business at the same address","OPERATIONAL","Coffee onwer","新竹縣竹北市福興東路二段109號","","COFFEE OWNER","福興東路二段109號","ChIJFTlFx_42aDQRqXOL0ti3-7E",""
"hsinchu","suspected_closed","Google matched a different active business at the same address","OPERATIONAL","frontier 13","南大路525號","https://www.facebook.com/frontier13/?fref=ts","邊境黑白切咖啡","南大路525號","ChIJ4dKNMY01aDQRQkllAJCFl_o",""
"hsinchu","suspected_closed","Google matched a different active business at the same address","OPERATIONAL","J.eat caf'e","新竹縣竹北市成功8路285號","https://www.facebook.com/j.eat.cafe/","桃司廚鐵板早午餐 竹北店丨抓周活動丨性別派對丨活動包場丨親友聚餐丨早餐丨早午餐丨遠百美食","302新竹縣竹北市成功八路285號","ChIJVdh77WA3aDQRV3daC6NIlio",""
"hsinchu","suspected_closed","Google matched a different active business at the same address","OPERATIONAL","Laid Back Cafe","新竹市東區關新東路321號","https://www.facebook.com/LAIDBACKCAFESTUDIO","來杯咖啡【關新門市】","關新東路321號","ChIJLc1iVpw3aDQRpoweZ_ESZ3k",""
"hsinchu","suspected_closed","Google matched a different active business at the same address","OPERATIONAL","MERRY CAFE","新竹縣竹北市六家七路6號","https://www.facebook.com/TaiwanMerryCafe/","石工夫日麵 台灣地雞沖繩麵","六家七路6號","ChIJzaQEeo03aDQR9U0AvU2sGQQ",""
"hsinchu","suspected_closed","Google matched a different active business at the same address","OPERATIONAL","Piccolo Coffee","新竹市東區建中路101號","https://www.facebook.com/Piccolo-Coffee-151877254822450/?fref=ts","Script Coffee","建中路101號1樓","ChIJ6Qg3-Ws2aDQRvUUx2sSZhBg",""
"hsinchu","suspected_closed","Google matched a different active business at the same address","OPERATIONAL","POLO CAFE","新竹縣竹北市環北路一段105號","","WillHsu Cafe 竹北旗艦店 (POLO主題餐廳)","環北路一段105號","ChIJGdN7Q8M2aDQRt0pgoKANOeE",""
"hsinchu","suspected_closed","Google matched a different active business at the same address","OPERATIONAL","ドキドキ珈啡Doki Doki Cafe","新竹市東區北大路92巷40弄1號","","ドキドキ珈啡 ｜純植 • 寵物友善歡迎落地奔跑","1樓, No. 1號北大路92巷40弄","ChIJx3xzVAA1aDQRk2dymcqZBT4",""
"hualien","suspected_closed","Google matched a different active business at the same address","OPERATIONAL","Choco Choco 手工巧克力咖啡館","花蓮市忠孝街70號","http://choco2.com.tw/","Stroll散步咖啡","忠孝街70號","ChIJSZWJD76faDQR_0dySE8qs3s",""
"kaohsiung","suspected_closed","Google matched a different active business at the same address","OPERATIONAL","14g 光華店","802高雄市苓雅區光華一路315號","","馞咖啡-光華店 Balmy Cafe'","802高雄市苓雅區光華一路207號","ChIJBU1s45kEbjQR6CPDT2GYLOA",""
"kaohsiung","suspected_closed","Google matched a different active business at the same address","OPERATIONAL","51咖啡","高雄市左營區重信路577號","https://www.facebook.com/51cafe%E4%BA%94%E4%B8%80%E5%92%96%E5%95%A1-1406305012920644/","Kurimono café 可莉茉姆女僕咖啡","813高雄市左營區重信路577號","ChIJ0QyFrVYFbjQR1llO-L2KfPE",""
"kaohsiung","suspected_closed","Google matched a different active business at the same address","OPERATIONAL","五餅二魚-點心舖","高雄市大樹區久堂里久堂路城隍巷15號之3","https://www.facebook.com/share/1FvDSHe3xR/?mibextid=wwXIfr","五餅二魚音樂學苑-大樹店","840高雄市大樹區久堂路城隍巷15號15之3號之3","ChIJeQMmpIQbbjQRaAzhFNFLQSg",""
"kaohsiung","suspected_closed","Google matched a different active business at the same address","OPERATIONAL","卡啡那 CAFFAINA 文化探索館（文化中心）","802高雄市苓雅區五福一路67號文化中心西苑","https://www.caffaina.com","卡啡那 文化探索館","五福一路67號西苑","ChIJ916Pti0FbjQRZD7D55UV1qU",""
"kaohsiung","suspected_closed","Google matched a different active business at the same address","OPERATIONAL","卡啡那 CAFFAINA 明誠店","高雄市左營區明誠二路243號","https://www.facebook.com/Caffaina-Coffee-Gallery-%E5%8D%A1%E5%95%A1%E9%82%A3%E6%98%8E%E8%AA%A0%E5%A3%B9%E8%99%9F%E5%BA%97-453732771383399/","卡啡那 明誠館","明誠二路243號","ChIJueBRwRwFbjQRkS2789Vrdn8",""
"kaohsiung","suspected_closed","Google matched a different active business at the same address","OPERATIONAL","卡啡那 CAFFAINA 美術館店","高雄市鼓山區美術東二路3號","https://www.facebook.com/Caffaina-Coffee-Gallery-%E5%8D%A1%E5%95%A1%E9%82%A3%E6%98%8E%E8%AA%A0%E5%A3%B9%E8%99%9F%E5%BA%97-453732771383399/?fref=ts","卡啡那 美術館","美術東二路3號","ChIJgcLVcFAEbjQR07mcu9Bb1PM",""
"kaohsiung","suspected_closed","Google matched a different active business at the same address","OPERATIONAL","卡啡那高雄文濱店","高雄市鳳山區文濱路131號","https://www.facebook.com/CaffainaCoffeeGallery","卡啡那 文濱館","文濱路131號","ChIJHbPs228bbjQRH-dxGMJ7LgA",""
"kaohsiung","suspected_closed","Google matched a different active business at the same address","OPERATIONAL","多那之岡山分店","高雄市岡山區前鋒路6號","","多那之高雄岡山門市","前峰路6號","ChIJu3rlPCkMbjQR_RWv9QUo2U8",""
"kaohsiung","suspected_closed","Google matched a different active business at the same address","OPERATIONAL","多那之明誠店","813台灣高雄市左營區明誠二路433號","","多那之高雄明誠門市","明誠二路433號","ChIJlSu7BgMFbjQR4TMq-6wzLG4",""
"kaohsiung","suspected_closed","Google matched a different active business at the same address","OPERATIONAL","私心咖啡Favorite Café","高雄市左營區翠華路584號(果貿社區)","https://www.facebook.com/cafefavorite/","私心珈啡","翠華路584號","ChIJv7rAbK8FbjQRUN4MjP9UKpY",""
"kaohsiung","suspected_closed","Google matched a different active business at the same address","OPERATIONAL","亞舍咖啡 Arthur Cafe","高雄市左營區文府路416號之3","","亞舍茶業-精品咖啡（4/4～4/6休假","文府路416號","ChIJYYFS1GUFbjQRLGKAwNpJcGA",""
"kaohsiung","suspected_closed","Google matched a different active business at the same address","OPERATIONAL","來7號咖啡","高雄市鳳山區國光路7號","https://www.facebook.com/no7cafe/","水深咖啡 Dow Café ｜水深カフェ｜鳳山咖啡｜輕食三明治｜早午餐下午茶｜手沖義式精品咖啡｜自家烘焙咖啡豆｜蔬食素食｜親子友善","國光路7號","ChIJT5e2mE8bbjQRyIcPsWcjvdc",""
"kaohsiung","suspected_closed","Google matched a different active business at the same address","OPERATIONAL","咖啡強Coffejohn","高雄市鼓山區延平街64-3號","https://www.facebook.com/CoffeeJohn0915056758/","花路café（每月店休請參考💐IG置頂文💐）","804高雄市鼓山區延平街64-3號","ChIJs92vPpAEbjQRrMrld4lJ4A4",""
"kaohsiung","suspected_closed","Google matched a different active business at the same address","OPERATIONAL","季洋莊園咖啡隨行吧成功店","高雄市前金區成功一路431號","","季洋咖啡&三分春色-成功店","成功一路431號","ChIJ-_ldvXwEbjQRZ8KPQ_yQ4o4",""
"kaohsiung","suspected_closed","Google matched a different active business at the same address","OPERATIONAL","宮前咖啡","高雄市新興區球庭路79號","https://goo.gl/6H2HbG","宮上韻 空間/簡餐/咖啡","球庭路79號2樓","ChIJQUx1to4EbjQRGJ-JFxHrvzA",""
"kaohsiung","suspected_closed","Google matched a different active business at the same address","OPERATIONAL","格言咖啡 Maximum Coffee","高雄市鼓山區美術東五路50號","","格言咖啡《已恢復營業，暫時無提供餐點，預計下週週末供餐》","美術東五路50號","ChIJleRO4FQEbjQRm2CTZEqkmZ8",""
"kaohsiung","suspected_closed","Google matched a different active business at the same address","OPERATIONAL","馬可的店｜自家烘焙咖啡","高雄市三民區正興路165號","https://www.facebook.com/MarcoCafeKaohsiung/","馬可的店 自家烘焙咖啡 高雄店","正興路165號","ChIJv2efnOcEbjQRR7MZRyrpaYY",""
"kaohsiung","suspected_closed","Google matched a different active business at the same address","OPERATIONAL","馬修咖啡·廚房","高雄市鼓山區大順一路925號","https://m.facebook.com/matther.cafe.kitchen/?locale2=zh_TW","詠月焼き鳥職人酒場","804高雄市鼓山區大順一路925號","ChIJaV_0LPIEbjQRKYYFLGpyoxQ",""
"kaohsiung","suspected_closed","Google matched a different active business at the same address","OPERATIONAL","移動咖啡 (進駐於高雄個共作空間)","高雄市三民區熱河二街六巷16號","https://www.facebook.com/mobile.coffe/
","作伙共同生活空間","807高雄市三民區熱河二街6巷16號","ChIJrRkE0PYEbjQR_i4bxSFu5zE",""
"kaohsiung","suspected_closed","Google matched a different active business at the same address","OPERATIONAL","第四紀咖啡","高雄市左營區博愛二路204號","https://www.facebook.com/%E7%AC%AC%E5%9B%9B%E7%B4%80%E5%92%96%E5%95%A1-173037693143767/","胖尼咖啡","813017高雄市左營區博愛二路204號","ChIJcd1pMDcFbjQR5c5_yvsRN34",""
"kaohsiung","suspected_closed","Google matched a different active business at the same address","OPERATIONAL","都提咖啡","高雄市三民區吉林街86號","https://www.facebook.com/Duttycoffee/","古歐雷咖啡","807高雄市三民區吉林街86號","ChIJdac2g_EEbjQRnnyD6OntACg",""
"kaohsiung","suspected_closed","Google matched a different active business at the same address","OPERATIONAL","握咖啡 OH！cafe","高雄市鼓山區濱海二路5號","","握咖啡西子灣店(總店)","濱海二路5號","ChIJTVobtPUDbjQR_ann5LQe_9M",""
"kaohsiung","suspected_closed","Google matched a different active business at the same address","OPERATIONAL","路易莎 左營重上店","813高雄市左營區文萊路284號","","Louisa Coffee 路易莎咖啡(高雄重上門市)","文萊路284號","ChIJz5UUhuUFbjQR9tJzD9zqkX8",""
"kaohsiung","suspected_closed","Google matched a different active business at the same address","OPERATIONAL","路易莎咖啡 河堤店","高雄市三民區明仁路51號","","Louisa Coffee 路易莎咖啡(高雄河堤門市)","明仁路51號","ChIJt8B-BhwFbjQRicslYVuaqzQ",""
"kaohsiung","suspected_closed","Google matched a different active business at the same address","OPERATIONAL","always a+","高雄市前金區新田路217號","https://www.facebook.com/Always-A-%E5%92%96%E5%95%A1%E9%A4%A8-195980383748847/","春麥商行CHUN MAI - 自家烘焙吐司/輕食早午餐/精品咖啡","801高雄市前金區新田路217號","ChIJiUjpZI4FbjQRgNgJ7dBCPOE",""
"kaohsiung","suspected_closed","Google matched a different active business at the same address","OPERATIONAL","Amis cafe","高雄市新興區信守街99號","https://www.facebook.com/amiscafe99/","RanGerハス珈琲","800高雄市新興區信守街99號","ChIJfYm67_kFbjQR9s6c9m-FKtM",""
"kaohsiung","suspected_closed","Google matched a different active business at the same address","OPERATIONAL","Arosa Café","813高雄市左營區明誠二路539號","https://www.facebook.com/arosacoffee/","AROSA COFFEE阿洛薩手工烘焙咖啡-左營明誠店","明誠二路539號","ChIJKcrigvMFbjQRigNfI4T7DeE",""
"kaohsiung","suspected_closed","Google matched a different active business at the same address","OPERATIONAL","Artisan Cafe","高雄市前金區仁義街223號","https://www.facebook.com/pg/artisantw/about/?tab=page_info","美森咖啡","仁義街223號","ChIJb1lSI4EEbjQRSP4ZFwhLpBI",""
"kaohsiung","suspected_closed","Google matched a different active business at the same address","OPERATIONAL","Donutes 多那之(瑞隆店)","高雄市前鎮區瑞隆路232號","http://www.donutes.com.tw/","多那之 高雄瑞隆門市","瑞隆路232號","ChIJ6YRFElcDbjQRpc55pkobtYQ",""
"kaohsiung","suspected_closed","Google matched a different active business at the same address","OPERATIONAL","Formula Coffee Roaster","高雄市三民區重慶街117號","fcrcoffeeroaster.com","程式咖啡","重慶街117號","ChIJ8eKVepoFbjQRXgmJQZKg0b0",""
"kaohsiung","suspected_closed","Google matched a different active business at the same address","OPERATIONAL","Fuelwood Coffee 燃木咖啡研究所","高雄市前鎮區復興三路311-14號","https://www.facebook.com/fuelwoodcafe/","燃木咖啡研究所＿咖啡豆販售專門","806高雄市前鎮區復興三路311-14號","ChIJ82mS9F4DbjQRKCE9G2nrJCU",""
"kaohsiung","suspected_closed","Google matched a different active business at the same address","OPERATIONAL","Lab 駁二","高雄市鹽埕區大義街2-1號 大義倉庫C7-5","https://www.facebook.com/labpiertwo/","LAB PIER2 駁二店","大義街2-1號大義倉庫C7-5","ChIJdVWmGogDbjQRWfNtXAbElIA",""
"kaohsiung","suspected_closed","Google matched a different active business at the same address","OPERATIONAL","Liévre Cafe","807高雄市三民區皓東路171-6號","https://www.facebook.com/lievrercafe/","墨品有機咖啡 MoreBeans","807高雄市三民區皓東路171-6號","ChIJAzAD_Q0FbjQRS78BoPo4RJQ",""
"kaohsiung","suspected_closed","Google matched a different active business at the same address","OPERATIONAL","Lino coffee roastery","高雄市鼓山區河西一路1591-11號","https://www.facebook.com/LINOCAFECOMPANY/","力諾咖啡","河西一路1591-11號","ChIJdZOxr1AEbjQRtXdvyA7PFxc",""
"kaohsiung","suspected_closed","Google matched a different active business at the same address","OPERATIONAL","MARS睦工場風格餐廳","高雄市鹽埕區大勇路80號","https://www.facebook.com/MarsCube","MARS Cafe麻森咖啡義式餐廳-鹽埕場","大勇路80號","ChIJI-1JOXcEbjQRSPvQNq_JgOA",""
"kaohsiung","suspected_closed","Google matched a different active business at the same address","OPERATIONAL","Reve黑浮咖啡（楠梓店）","高雄市楠梓區益群路63號","","VASO HOME","益群路63號","ChIJ_-05VaQPbjQRXHuOWvN0Kkk",""
"kaohsiung","suspected_closed","Google matched a different active business at the same address","OPERATIONAL","Room 71 Cafe","高雄市新興區六合一路71號","https://m.facebook.com/room71cafe/","渝陽川菜","800高雄市新興區六合一路71-1號","ChIJZR0mvI0EbjQR4epxdofW_Uo",""
"kaohsiung","suspected_closed","Google matched a different active business at the same address","OPERATIONAL","The Original One -T O O","高雄市前鎮區瑞隆路138號","https://www.facebook.com/TOO138/?ref=page_internal","too烘培坊","瑞隆路138號","ChIJ2fGgilYDbjQR4xAf6mWr2GE",""
"kaohsiung","suspected_closed","Google matched a different active business at the same address","OPERATIONAL","Try試研所","高雄市三民區同盟二路217號","https://www.facebook.com/TRYforyou2019/","217好食複合式餐廳","807高雄市三民區同盟二路217號","ChIJw_Wp4DYFbjQRjzRnno6e4A0",""
"keelung","suspected_closed","Google matched a different active business at the same address","OPERATIONAL","丸角@自轉生活.咖啡 ","基隆市孝二路28號","https://www.facebook.com/Cafe.de.MaruCorner/","MaruCorner Cafe","孝二路28號","ChIJf8RALRROXTQRStlTPxkaolI",""
"keelung","suspected_closed","Google matched a different active business at the same address","OPERATIONAL","Mr Bean & A Fei 豆豆先生與他的阿肥","基隆市安樂區安和一街330巷5-3號","https://www.facebook.com/mrbeancoffee.tw","Bean ＆ Fei 豆豆先生與他的阿肥｜商用咖啡供應商 國際咖啡品鑑師品牌","安和一街330巷5-3號","ChIJb-R1HDlPXTQRhYoHQhZna18",""
"taichung","suspected_closed","Google matched a different active business at the same address","OPERATIONAL","  Right Cafe","臺中市西區五權西四街13巷14號","http://www.rightstyle.com.tw/","順道パン。風呂敷喜餅專門店","403025臺中市西區五權西四街13巷14號","ChIJuc4OXXkbaTQRqKo9yHTYV9w",""
"taichung","suspected_closed","Google matched a different active business at the same address","OPERATIONAL","136 Café Terry","台中市南屯區大英街422號","","WINE NOT 自然酒 wine shop","408臺中市南屯區大英街422號","ChIJBenWfSc9aTQR8x6lJhEcaAY",""
"taichung","suspected_closed","Google matched a different active business at the same address","OPERATIONAL","158咖啡香","406台中市太平區長龍路一段158號","https://www.facebook.com/158aromatic/","１５８咖啡香","長龍路一段158號","ChIJE_7Ad5MiaTQRaAc5BH8gZ2k",""
"taichung","suspected_closed","Google matched a different active business at the same address","OPERATIONAL","1987廚房工作室","台中市西區五權西路一段57巷1弄5號","https://www.facebook.com/1987jam","英。老鎮玫瑰茶館 old country rose","403臺中市西區五權西路一段57巷2弄7號","ChIJgbpJb-w9aTQRp5N4qsGsIbs",""
"taichung","suspected_closed","Google matched a different active business at the same address","OPERATIONAL","94icafe進化店","台中市北區進化路577之8號","www.facebook.com/94icafe.jinhua","國產進化大樓","404臺中市北區進化路577-8號","ChIJ9yKbdVQ9aTQREQKZXpjIoU0",""
"taichung","suspected_closed","Google matched a different active business at the same address","OPERATIONAL","山佳伊 3+1 café","台中市西屯區玉門路80巷1號","https://www.facebook.com/3plus1cafe","Mr.Energy能量先生-台中玉門店","407臺中市西屯區玉門路80巷21弄1之1號","ChIJj6wVq_sVaTQRMaiik6AsI0g",""
"taichung","suspected_closed","Google matched a different active business at the same address","OPERATIONAL","中島 GLAB X Coffee Stopover R","台中市⻄區府後街38-8號","https://www.facebook.com/graphicmatter/","臺灣府儒考棚","府後街38-8號","ChIJj0eJ_Q09aTQR-MHB-g7-qBU",""
"taichung","suspected_closed","Google matched a different active business at the same address","OPERATIONAL","中菲咖啡","403台中市西區四維街46號","","中非咖啡","四維街46號","ChIJfbOj0g09aTQR51CI8uj79P8",""
"taichung","suspected_closed","Google matched a different active business at the same address","OPERATIONAL","今咖啡 cafe today","40642台中市北屯區軍福十三路88號","","今咖啡 𝙘𝙖𝙛𝙚𝙩𝙤𝙙𝙖𝙮｜不限時咖啡廳首選","軍福十三路88號1樓","ChIJbVQy4NMZaTQR72dELuVaxNw",""
"taichung","suspected_closed","Google matched a different active business at the same address","OPERATIONAL","內巷X胡同咖啡","403台中市西區精誠九街16巷3號","https://www.facebook.com/7143coffee","胡同飲集聚場","精誠九街16巷3號","ChIJH3g3NRk9aTQRZuwTiPpWC6U",""
"taichung","suspected_closed","Google matched a different active business at the same address","OPERATIONAL","六號貓洞","台中市北區南京東路2段13號","https://www.facebook.com/catlair6/","雜貓窩萬事屋","南京東路二段13號","ChIJvxiqTVo9aTQRZCMbUm8ziBY",""
"taichung","suspected_closed","Google matched a different active business at the same address","OPERATIONAL","日染樹梢-銀塩写真雜貨","413台中市霧峰區中正路573-12號","","日染樹梢 • 底片咖啡廳｜甜點｜寫真紀念照","中正路573-12號","ChIJEy3do9E7aTQRE-5H3XIw0sc",""
"taichung","suspected_closed","Google matched a different active business at the same address","OPERATIONAL","卡啡那 CAFFAINA 惠來店","台中市西屯區惠中路二段45號","http://www.caffaina.com/","卡啡那 惠來館","惠中路二段45號","ChIJYbZhYes9aTQROJgxaI2qBlc",""
"taichung","suspected_closed","Google matched a different active business at the same address","OPERATIONAL","沃咖啡","台中市西屯區西屯路二段10-8號","https://zh-tw.facebook.com/worldrich.coffee/","酒窩咖啡","西屯路二段10-8號","ChIJ00BkDoE9aTQRndY-gwkcp9o",""
"taichung","suspected_closed","Google matched a different active business at the same address","OPERATIONAL","沃咖啡","台中市西屯區西屯路二段10-8號","www.facebook.com/worldrich.coffee/","酒窩咖啡","西屯路二段10-8號","ChIJ00BkDoE9aTQRndY-gwkcp9o",""
"taichung","suspected_closed","Google matched a different active business at the same address","OPERATIONAL","原物咖啡公益店","台中市西區華美西街一段3號","https://www.facebook.com/oxcafe.tw/","禾奕咖啡heyi coffee","華美西街一段3號","ChIJCatvbpk9aTQRn5R3-LV1QFQ",""
"taichung","suspected_closed","Google matched a different active business at the same address","OPERATIONAL","哩嘎哇 LIGAWA","台中市東區自強街6巷28號","https://www.facebook.com/ligawaligawadessert/","LIGAWA dessert 哩嘎哇","自強街6巷28號","ChIJZ2fTRPQ9aTQRYre14m8_jTc",""
"taichung","suspected_closed","Google matched a different active business at the same address","OPERATIONAL","圈Charm直火烘豆所","台中市西區公益路115號","","圈 直火烘豆所","公益路115號","ChIJ0wl7efc9aTQRYNHK0U5jvAs",""
"taichung","suspected_closed","Google matched a different active business at the same address","OPERATIONAL","聊療貓bar共學咖啡廳","台中市大里區塗城路511號","Https://1chat.app","聊療貓Bar 療癒系身心靈咖啡廳","塗城路511號","ChIJNy2-UHM9aTQRHgLDqOHR6FY",""
"taichung","suspected_closed","Google matched a different active business at the same address","OPERATIONAL","覓光咖啡","台中市西區台中市西區華美街101號","","饗賀輕食館The Best Brunch Restaurant-.平價早午餐","403臺中市西區華美街101號","ChIJJ6C7HdE9aTQRGcXSk53uH4s",""
"taichung","suspected_closed","Google matched a different active business at the same address","OPERATIONAL","喝咖啡","台中市東興路一段29號","https://www.facebook.com/Living.tw/","南青山咖啡｜早午餐｜義大利麵｜披薩｜手作甜點｜活動包場","東興路一段29號","ChIJaf0Jq049aTQRRlodZ8aO-18",""
"taichung","suspected_closed","Google matched a different active business at the same address","OPERATIONAL","復興咖啡交易所","臺中市東區立德街18號","https://www.instagram.com/fxcecoffee/","Day In 早午餐咖啡廳","401臺中市東區立德街18號","ChIJq9VEowo9aTQRRsHNDSY0i1w",""
"taichung","suspected_closed","Google matched a different active business at the same address","OPERATIONAL","森林小徑-鍋物。早午餐。義式料理。下午茶","台中市北屯區文心路四段131號","https://www.facebook.com/fp22982238/?ref=bookmarks","森林小徑-文心店","文心路四段131號","ChIJPSr_NtAXaTQRYO6n1t2H-Ss",""
"taichung","suspected_closed","Google matched a different active business at the same address","OPERATIONAL","黑沃咖啡-高工店","台中市南區高工路371號","https://www.hwcroasters.com/","HWC 黑沃咖啡 | 台中高工店","高工路371號","ChIJIxv8afg8aTQRguR5tWo3lmg",""
"taichung","suspected_closed","Google matched a different active business at the same address","OPERATIONAL","新銳咖啡國泰店","404台中市北區國泰街36號","","Wei Records Coffee 樂宇唱片","404臺中市北區國泰街36號","ChIJpYn7e04XaTQRLWhoOooLRkw",""
"taichung","suspected_closed","Google matched a different active business at the same address","OPERATIONAL","溪邊十三","台中市南屯區環中路五段200號","","十三咖啡（請走精誠南路右轉下來，如迷路請致電）（無甜點飲料只有單品黑咖啡）Cash only","環中路五段200號","ChIJDcAxqzk8aTQRzV3JAcu2WKM",""
"taichung","suspected_closed","Google matched a different active business at the same address","OPERATIONAL","慢水","台中市龍井區藝術南街五巷一號","https://www.facebook.com/pg/%E6%85%A2%E6%B0%B4-315590232549608/about/?ref=page_internal","FATE hair salon(東海/手刷染/挑染/漂髮 /一般染髮）","434臺中市龍井區藝術南街5巷一號","ChIJyS-nzdIVaTQR2VKRrqZQEWM",""
"taichung","suspected_closed","Google matched a different active business at the same address","OPERATIONAL","箖GA B","台中市北屯區北屯路409-9號","","箖coffee/咖啡豆/掛耳/咖啡","北屯路409-9號","ChIJ_yZfiMIXaTQRgxZHTWirUcY",""
"taichung","suspected_closed","Google matched a different active business at the same address","OPERATIONAL","歐舍咖啡 ORSIR COFFEE","台中市西區五權路14號","","歐舍咖啡 台中門市","五權路14號","ChIJg4Ga9wo9aTQRnfdrA2jJJNs",""
"taichung","suspected_closed","Google matched a different active business at the same address","OPERATIONAL","Cafe Hello","台中市南屯區大英街9號","https://www.facebook.com/CafeHelloBrunch/","小森湯咖哩","大英街9號","ChIJqZ30PPA9aTQRJqqhjOfoHkQ",""
"taichung","suspected_closed","Google matched a different active business at the same address","OPERATIONAL","Caffina 卡啡那大墩店","台中南屯區大墩路573號","http://www.caffaina.com/","卡啡那 大墩館","大墩路573號","ChIJx68zbZY9aTQROkzl9TdhjfQ",""
"taichung","suspected_closed","Google matched a different active business at the same address","OPERATIONAL","Cherry Espresso 櫻桃計畫","台中市西屯區西屯路二段270巷1號","https://www.facebook.com/cherryespresso/","櫻桃計畫咖啡館｜逢甲門市","西屯路二段270巷1號","ChIJf3HLsCEWaTQRWpRRwhmOFP4",""
"taichung","suspected_closed","Google matched a different active business at the same address","OPERATIONAL","Coffee The Hammer","台中市中區台灣大道一段259號","https://m.facebook.com/CoffeeTheHammer/","鎖霸智能居家-電子鎖專賣台中總店","400臺中市中區臺灣大道一段259號","ChIJ9WwdgnQ9aTQRv8UWuDf-YhE",""
"taichung","suspected_closed","Google matched a different active business at the same address","OPERATIONAL","CoffeeEAH","台中市南屯區大墩七街493號","https://www.facebook.com/coffeeeah","力芽餐廳","大墩七街493號","ChIJqYJtP8c9aTQRnN4BLhW876g",""
"taichung","suspected_closed","Google matched a different active business at the same address","OPERATIONAL","E.H coffee studio","台中市南區崇倫街13號（芳奈烘焙坊內）","E.H coffee studio咖啡工作室","芳奈","402臺中市南區崇倫街13號","ChIJ140uoBw9aTQRaz7JJllGUw4",""
"taichung","suspected_closed","Google matched a different active business at the same address","OPERATIONAL","Fish Cafe 自家烘焙咖啡館","台灣台中市龍井區新興路27巷8號","https://www.facebook.com/fishcafetw/","fish cafe’ 魚咖啡","新興路27巷8號","ChIJZzG_5iY-aTQRVF2wzOH1snM",""
"taichung","suspected_closed","Google matched a different active business at the same address","OPERATIONAL","Fleet Street","台中市中區民族路24號","https://www.facebook.com/fleetstreet24","艦隊街咖啡","400臺中市中區民族路24號","ChIJf8gNlRM9aTQRZ-X3qLQchXs",""
"taichung","suspected_closed","Google matched a different active business at the same address","OPERATIONAL","Michaelis執事喫茶","台中市北區光大街26號","https://www.facebook.com/Michaelis.tw/","蘭羽館歐式茶餐廳","光大街26號","ChIJE9W3AgA9aTQRbM3l3PsxBzc",""
"taichung","suspected_closed","Google matched a different active business at the same address","OPERATIONAL","Now Place","台中市西屯區福上巷321-1號","https://www.facebook.com/Nowplace.fc/","Now.鬧brunch","福上巷321-1號","ChIJF7_0_PgXaTQRYknU8BpEkdQ",""
"taichung","suspected_closed","Google matched a different active business at the same address","OPERATIONAL","Q morning 手作輕食/咖啡","台中市南屯區永春東路285號","https://www.facebook.com/Q-morning-%E6%89%8B%E4%BD%9C%E8%BC%95%E9%A3%9F%E5%92%96%E5%95%A1-606423062866914/","慢所哉｜輕食·咖啡（最新動態詳IG公告）","408臺中市南屯區永春東路626號","ChIJN02h_c09aTQRwAiBPyDx-uY",""
"taichung","suspected_closed","Google matched a different active business at the same address","OPERATIONAL","REC COFFEE Taiwan","台中市西屯區惠中路一段88號26樓","","階梯咖啡旗艦店","惠中路一段88號26樓","ChIJy3Mcf309aTQR-0AyrGNc7Eg",""
"taichung","suspected_closed","Google matched a different active business at the same address","OPERATIONAL","Rice Caff'e 米咖啡","台中市西屯區精明二街11號","https://www.facebook.com/ricecaffe/","Rice Caffè 米咖啡 Since2010 咖啡教學、講座、自製點心(一人小店, 不定時公休)","精明二街11號","ChIJdWO1Ho49aTQRTPGSYFqHVro",""
"taichung","suspected_closed","Google matched a different active business at the same address","OPERATIONAL","SMILE CØFFEE 憲賣咖啡 (熱河店)","台中市北屯區熱河路二段128號","https://www.facebook.com/smilecoffeee","SMILE｜NORDIC RESTAURANT ［ 憲賣｜北歐食酒餐廳 ］","熱河路二段128號","ChIJp7G7Sd0XaTQR7FZssKoUnMo",""
"taichung","suspected_closed","Google matched a different active business at the same address","OPERATIONAL","Yasumi Cafe","南區忠明南路809號 台中市","https://www.facebook.com/YasumicafeTaichung/?fref=ts","休憩咖啡","忠明南路809號","ChIJL0JeiVQ8aTQRN_BfE-tdJco",""
"tainan","suspected_closed","Google matched a different active business at the same address","OPERATIONAL","小野珈琲烘焙坊","台南市東區崇善二街74號","https://www.facebook.com/bestcoffeetime/","小野珈琲自家烘豆~手沖咖啡.拿鐵.咖啡豆(僅外帶)","崇善二街74號Chongshan 2nd St74","ChIJ5bp26qF2bjQRAZ6Dqco2_UA",""
"tainan","suspected_closed","Google matched a different active business at the same address","OPERATIONAL","手草生活","台南市北區裕民街72巷12號","","手艸HAND HAABU","裕民街72巷12號","ChIJcW_fL2B2bjQR2cagHwj9n-8",""
"tainan","suspected_closed","Google matched a different active business at the same address","OPERATIONAL","月光咖啡廳","台南巿東區崇明路405號2樓","","里仁-台南崇明店","崇明路405號","ChIJ42hH6CB0bjQRIFnTDSznrzM",""
"tainan","suspected_closed","Google matched a different active business at the same address","OPERATIONAL","古行自家烘焙咖啡","台南市中西區民族路二段399號","https://m.facebook.com/goodthingcoffeetw/","古行咖啡goodthingcoffee","民族路二段399號","ChIJQ62xaGF2bjQRhum1tpGPKsc",""
"tainan","suspected_closed","Google matched a different active business at the same address","OPERATIONAL","先吃•再聊","台南市中西區開山路122巷36弄12號","https://www.facebook.com/stomachfriend/","IBT COffee","700臺南市中西區開山路122巷54號","ChIJKbqsQFd3bjQRUmk2TxfGfjk",""
"tainan","suspected_closed","Google matched a different active business at the same address","OPERATIONAL","安內咖啡","台南市永康區大橋一街73巷34號","https://www.facebook.com/An1943.coffee","An 1943 Coffee","大橋一街73巷34號","ChIJw291zCF3bjQRn3X-_2mENd0",""
"tainan","suspected_closed","Google matched a different active business at the same address","OPERATIONAL","有緣人 Yuan Coffee","701台南市東區東興路13號","https://www.facebook.com/%E6%9C%89%E7%B7%A3%E4%BA%BAYuan-Coffee-102737151223922/","THE YUAN 東興店（無訂位）","東興路13號","ChIJAVwm0Vx3bjQRLzu_ihQeRUM",""
"tainan","suspected_closed","Google matched a different active business at the same address","OPERATIONAL","私人藏豆 COFFELLECTION - 永康店","台南市永康區永平街No. 161號","https://www.facebook.com/coffellection/","私人藏豆-永康店","永平街161號","ChIJYUF1Ic5wbjQRRTuzRStamdk",""
"tainan","suspected_closed","Google matched a different active business at the same address","OPERATIONAL","豆趣留聲","台南市東區北門路二段16號","","星巴克台南文創門市","北門路二段16號1b 室","ChIJN0zpWJ13bjQRsYV0ebs8vWU",""
"tainan","suspected_closed","Google matched a different active business at the same address","OPERATIONAL","那豆鮮焙","台南市東區長榮路三段24巷20號","","那家韓國飯捲","70154臺南市東區長榮路三段24巷20號","ChIJi66B5hnbVaYRtJnm4UeGYcU",""
"tainan","suspected_closed","Google matched a different active business at the same address","OPERATIONAL","花樓二店","台南市中西區民權路三段55號","https://www.facebook.com/%E8%8A%B1%E6%A8%93follow_coffee-1058378214308090/","花樓咖啡 Follow Coffee 二店","民權路三段55號","ChIJNQRqF2R2bjQRgPhSkChMrNU",""
"tainan","suspected_closed","Google matched a different active business at the same address","OPERATIONAL","首璽咖啡 SoSee Coffee","701台南市東區裕農路375號","https://m.facebook.com/soseecoffee/","台灣聯通停車場-台南裕農場","裕農路375號","ChIJ_WuvCb12bjQRPUuoe88IWIc",""
"tainan","suspected_closed","Google matched a different active business at the same address","OPERATIONAL","神榕147","臺南市神農街147號","https://www.facebook.com/shennong147/","神榕一四七","神農街147號","ChIJseQKc2Z2bjQR26O10DtsIiU",""
"tainan","suspected_closed","Google matched a different active business at the same address","OPERATIONAL","牽咖啡 Chen Coffee","台南市中西區民權路一段219號","https://www.facebook.com/chenchencoffee/","牽咖啡台灣茶飲","民權路一段219號","ChIJCxuITYh2bjQR4938C-DoY1w",""
"tainan","suspected_closed","Google matched a different active business at the same address","OPERATIONAL","極萃咖啡Kaffuns Brew Coffee","700台南市中西區府前一街109巷2號","","極萃咖啡淺焙烘豆坊","700臺南市中西區府前一街109巷2號","ChIJhR9ag2N2bjQRKFWVGW57c8c",""
"tainan","suspected_closed","Google matched a different active business at the same address","OPERATIONAL","路易莎咖啡永康分店","台南市永康區中華二路365號","https://www.facebook.com/%E8%B7%AF%E6%98%93%E8%8E%8ELouisa-coffee%E4%B9%8B%E5%8F%B0%E5%8D%97%E6%B0%B8%E5%BA%B7%E5%BA%97-117941595272468/","Louisa Coffee 路易莎咖啡(台南永康門市)","中華二路365號","ChIJ6QpO79x2bjQR4WYEjdR5gk4",""
"tainan","suspected_closed","Google matched a different active business at the same address","OPERATIONAL","頑童主義咖啡Stand-Up Shop","70245台南市南區西門路一段269號","","DasKind頑童主義咖啡","西門路一段269號","ChIJr-le8fF3bjQRf3tVzgt8mms",""
"tainan","suspected_closed","Google matched a different active business at the same address","OPERATIONAL","福吉161商行","台南市南區福吉五街16巷1號","https://www.facebook.com/fuji161cafe/?fref=ts","荒流 HomeReal","70246臺南市南區福吉五街16巷1號","ChIJybJHp6l3bjQROOMtYc-FvkI",""
"tainan","suspected_closed","Google matched a different active business at the same address","OPERATIONAL","歐塔克ottag caf'e手作烘焙咖啡館","台南市安平區華平路726號","","歐塔克手作咖啡烘焙館","華平路726號","ChIJx_VshxF2bjQRdemuWSoNsO0",""
"tainan","suspected_closed","Google matched a different active business at the same address","OPERATIONAL","歸旅咖啡＠台南安平＠早午餐＠民宿＠Guei Cafe","台南市安平區建平七街752號","https://www.facebook.com/gueicafe/","歸旅咖啡（不定期公休, 詳見FB公告","建平七街752號","ChIJL96JUwZ2bjQRBjxHJwLDNtI",""
"tainan","suspected_closed","Google matched a different active business at the same address","OPERATIONAL","For coffee","台南市永康區東橋八街38號","https://www.facebook.com/forcoffee38/","起士公爵未來飲食研究所-東橋門巿生活健康館","東橋八街38號","ChIJk3UaRwB3bjQRV8bYRiLnJDo",""
"tainan","suspected_closed","Google matched a different active business at the same address","OPERATIONAL","ICI Cafe","台南市中西區忠孝街93巷108號","https://www.facebook.com/ici-cafe-831634633530313/","today","700臺南市中西區忠孝街93巷34號","ChIJLQV0HwB3bjQRWdAdqthLu0M",""
"tainan","suspected_closed","Google matched a different active business at the same address","OPERATIONAL","lazy day","台南市中西區忠孝街116巷2號","","TAKE CAKE","700臺南市中西區忠孝街116巷2號","ChIJX-ygMyZ3bjQR8evnmI0RzB4",""
"tainan","suspected_closed","Google matched a different active business at the same address","OPERATIONAL","Lu.CY Coffee Roast & Brew","台南市北區 育德二路340號 ","https://www.facebook.com/Lu.CYcoffeestudio/","盧西咖啡工作室","育德二路340號","ChIJHXissFd2bjQRQeUgrXl7e2M",""
"tainan","suspected_closed","Google matched a different active business at the same address","OPERATIONAL","Lure Late Late Breakfast 鹿耳晚晚早餐","台南市東區林森路一段153巷19號","https://www.facebook.com/lurelatelatebreakfast/","鹿耳晚晚早餐｜鹿耳夜間部","林森路一段153巷19號","ChIJ-2iLmoR2bjQREdeivWRjL9E",""
"tainan","suspected_closed","Google matched a different active business at the same address","OPERATIONAL","MR PIKI 外帶吧","台南市中西區忠義路一段102號","MR PIKI Roasters","MR GOOD 古德先生澳式咖啡 忠義店","忠義路一段102號 中間號那間","ChIJk0p6Q5B3bjQRD5arzwCgVxs",""
"tainan","suspected_closed","Google matched a different active business at the same address","OPERATIONAL","Smile Elephant 微笑日作菓子","台南市中西區神農街109號","https://www.facebook.com/Smile-Elephant-%E5%BE%AE%E7%AC%91%E6%97%A5%E4%BD%9C%E8%8F%93%E5%AD%90-196798317171327/","BUTTER ROO 台南神農店 x 花食間 x 寵物友善餐廳 x 神農街美食","700臺南市中西區神農街109號","ChIJQ_YEeWZ2bjQRU0ziGudvoSQ",""
"tainan","suspected_closed","Google matched a different active business at the same address","OPERATIONAL","St.1 Cafe' / Work Room 一街咖啡","台南市永康區大橋一街328號","https://www.facebook.com/st1cafe/","St.1 Cafe' 一街咖啡","大橋一街328號","ChIJI70ZHiF3bjQRVDKGPUTltTU",""
"tainan","suspected_closed","Google matched a different active business at the same address","OPERATIONAL","WO TANG XING 莪堂行","台南市中西區府前路一段359巷22號","https://www.facebook.com/wotangxing/","糯夫米糕","700臺南市中西區府前路一段359巷22號","ChIJpYMpkm92bjQRnFhOF49cnSU",""
"taipei","suspected_closed","Google matched a different active business at the same address","OPERATIONAL"," 好聊咖啡","台北市信義區忠孝東路四段553巷16弄7號","","根本在旅行-信義品牌概念店","忠孝東路四段553巷22弄4-1號","ChIJuwSAUgKrQjQRcoehOnVjvHo",""
"taipei","suspected_closed","Google matched a different active business at the same address","OPERATIONAL"," 神農市場MAJI FOOD & DELI","台北市中山區玉門街1號","","神農生活 圓山花博門市","玉門街1號","ChIJAY40N0-pQjQRgGycr8MrM9g",""
"taipei","suspected_closed","Google matched a different active business at the same address","OPERATIONAL"," 富錦樹353咖啡","105台灣台北市松山區富錦街353號","https://www.facebook.com/fujintree353cafe","富錦樹咖啡 FUJIN TREE CAFE 富錦店","富錦街353號","ChIJv1KTkfKrQjQRc6i4XnPpsTY",""
"taipei","suspected_closed","Google matched a different active business at the same address","OPERATIONAL"," 塔吉特信義人文會館","台北市信義區莊敬路423巷1弄2號","","塔吉特Touched 千層蛋糕 - 信義人文館","莊敬路423巷1弄2號","ChIJR-ZJbLOrQjQRFQWvdmFwuIY",""
"taipei","suspected_closed","Google matched a different active business at the same address","OPERATIONAL"," 爐鍋咖啡＠小藝埕","台北市大同區迪化街一段32巷1號2樓","https://www.luguocafe.com/pages/artyard-cafe","爐鍋咖啡 Luguo Cafe小藝埕artyard","迪化街一段32巷1號2F","ChIJjUTDjBOpQjQRrDHLRLuO8qU",""
"taipei","suspected_closed","Google matched a different active business at the same address","OPERATIONAL"," CAFELAURENT","台北市大安區忠孝東路四段219號","","COFFEE LAW 敦南概念店 (不提供訂位服務/平日最後點餐16:30）","106臺北市大安區忠孝東路四段181巷40弄15號1樓","ChIJKc-9nLmrQjQRsm-kmg5lLdE",""
"taipei","suspected_closed","Google matched a different active business at the same address","OPERATIONAL"," Hi Nei Dou","台北市金山南路二段141巷36號 Taipei, Taiwan","https://www.facebook.com/hineidou/?ref=br_rs","登月計劃｜場地租借・共享空間・非典型咖啡廳","106臺北市大安區金山南路二段141巷36號","ChIJkxzYVwCpQjQRboaj3H0nHBg",""
"taipei","suspected_closed","Google matched a different active business at the same address","OPERATIONAL"," K's New Coffee","115 Taipei 臺北市八德路四段788號","https://www.facebook.com/ksnewcoffee/?fref=ts","壺維CAFE| 預約制","八德路四段788號1樓","ChIJrQ8MuZ2rQjQR0mEr7xAanNo",""
"taipei","suspected_closed","Google matched a different active business at the same address","OPERATIONAL"," Pâtisserie ALEX 法式甜點","台北市信義區忠孝東路四段553巷18號","http://www.patisseriealex.com/NewSite/index.php#about","WUnique Pâtisserie 吳一無二法式甜點","忠孝東路四段553巷22弄37號","ChIJZbiKGDKqQjQRNCG4YPJF03c",""
"taipei","suspected_closed","Google matched a different active business at the same address","OPERATIONAL","1:12","100台北市中正區羅斯福路四段92號(11號攤位)","https://www.facebook.com/112coffee/","水源市場","100臺北市中正區羅斯福路四段92號","ChIJ_fgu74qpQjQRDbsRG5E7Fgs",""
"taipei","suspected_closed","Google matched a different active business at the same address","OPERATIONAL","392 café","台北市大同區民生西路392號","https://www.facebook.com/392cafe/","合記茶行(迪化文創店)台灣茶專賣店&伴手禮","民生西路392號","ChIJVQXBRwupQjQRY9tUoad1UqQ",""
"taipei","suspected_closed","Google matched a different active business at the same address","OPERATIONAL","85度C 台北永吉店","台北市信義區永吉路269號","","85度C咖啡蛋糕飲料烘培(台北永吉店)","永吉路269號","ChIJwZNRZKarQjQRqazSK1QcRsc",""
"taipei","suspected_closed","Google matched a different active business at the same address","OPERATIONAL","917 好事咖啡創意廚房","台北市大安區安居街8巷19號","https://www.facebook.com/HowsCoffee/","Hibi 日々咖啡","安居街8巷19號1樓","ChIJSQGJ-umrQjQRRfk3xwerc-s",""
"taipei","suspected_closed","Google matched a different active business at the same address","OPERATIONAL","九日咖啡 自家烘焙咖啡館（本店）","108台北市萬華區廣州街213號","","九日咖啡（老店）9 Days Coffee","廣州街213號","ChIJxzPiMampQjQR7lFBc-z3SSs",""
"taipei","suspected_closed","Google matched a different active business at the same address","OPERATIONAL","二會 gojiby","台北市中山區華陰街21號2樓","","二會咖啡廳","華陰街21號2樓","ChIJ75dQhIipQjQRTWTKyzOyg2U",""
"taipei","suspected_closed","Google matched a different active business at the same address","OPERATIONAL","人性空間 新生南路店","台北市大安區新生南路三段60巷7號一樓","https://www.facebook.com/humanspace123/about/?ref=page_internal","人性空間 分店","新生南路三段60巷7號","ChIJGRBlHImpQjQR_glZTyCT23o",""
"taipei","suspected_closed","Google matched a different active business at the same address","OPERATIONAL","三峽老街一粟咖啡","三峽區民權路93號","https://www.facebook.com/eusuecoffee/","一粟精品咖啡館","民權街93號","ChIJD4JhOO4baDQRLUnezma4RUE",""
"taipei","suspected_closed","Google matched a different active business at the same address","OPERATIONAL","勺子雜貨咖啡 Spoongoods & cafe","台北市松山區民生東路四段97巷4弄2-1號","https://www.facebook.com/spooncafe/","勺子咖啡店Spoon cafe(無訂位服務)","民生東路四段97巷4弄2-1號號","ChIJoYMtWu6rQjQR3koezN4YcCo",""
"taipei","suspected_closed","Google matched a different active business at the same address","OPERATIONAL","小公館Cafe / La Bistro Cafe","台北市中正區羅斯福路三段316巷8弄3號2樓","https://www.facebook.com/LaBistroCafe/","小公館咖啡 精釀啤酒","羅斯福路三段316巷8弄3號2樓","ChIJr5BemIupQjQRzw4yWb3jvcU",""
"taipei","suspected_closed","Google matched a different active business at the same address","OPERATIONAL","丹提咖啡 第一飯店店","10491台北市中山區南京東路二段63號","","丹堤咖啡 Dante Coffee (第一飯店店)","南京東路二段63號","ChIJ9e2pxGapQjQRXQ9ItVgW63Q",""
"taipei","suspected_closed","Google matched a different active business at the same address","OPERATIONAL","元食cafe","110台北市信義區逸仙路42巷17號","","HANNA Pasta Café パスタ カフェ","110臺北市信義區逸仙路42巷17號1樓","ChIJ5SSP_XWrQjQRC_HHQ6igu0g",""
"taipei","suspected_closed","Google matched a different active business at the same address","OPERATIONAL","元益蔘藥行與寶來咖啡","242新北市新莊區建安街121巷30號","","元益蔘藥行/新莊藥膳/新莊蔘藥行/新北中藥行/新莊咖啡/新莊coffee/新莊cafe","建安街121巷30號","ChIJm40Uu_OnQjQRp3GUA-WBMfY",""
"taipei","suspected_closed","Google matched a different active business at the same address","OPERATIONAL","月半咖啡 Dwaco Coffee","106台北市大安區永康街47巷30號","https://www.facebook.com/dwacocoffee/","月半咖啡（3/12 close)","30號, No. 30永康街47巷","ChIJ7-nQ34OpQjQRvIGJcPDToQg",""
"taipei","suspected_closed","Google matched a different active business at the same address","OPERATIONAL","木法","新北市中和區和平街11號","","愛修手機","235新北市中和區和平街11-2號","ChIJ7brB53MCaDQRybnJxcJtXk4",""
"taipei","suspected_closed","Google matched a different active business at the same address","OPERATIONAL","冉冉生活-南港店","115台北市南港區經貿二路196-1號","https://www.facebook.com/CoppiiLumiiJM/","Coppii Lumii living coffee 冉冉生活(經貿)","經貿二路196-1號","ChIJeaEzcFmtQjQRwt4k3fE2mng",""
"taipei","suspected_closed","Google matched a different active business at the same address","OPERATIONAL","巧克哈客巧克力專飲店","106台灣台北市大安區永康街7巷2號","http://www.chocoholic.com.tw","Chocoholic 巧克哈客","永康街7巷2號","ChIJDx8DPoKpQjQRfnptq1Q8MKU",""
"taipei","suspected_closed","Google matched a different active business at the same address","OPERATIONAL","生活在他方 elsewhere cafe","重慶南路三段5號1樓","https://www.facebook.com/elsewherecafe/","生活在他方-城南店","100臺北市中正區重慶南路三段5號","ChIJM0d775upQjQRXYOC1-8B1Cw",""
"taipei","suspected_closed","Google matched a different active business at the same address","OPERATIONAL","田中園咖啡廳，環亞店","台北市松山區南京東路三段303巷14弄2號","","田中園(微風南京店）","南京東路三段303巷14弄2號","ChIJNR6EwOerQjQRdm-NnC3KFgg",""
"taipei","suspected_closed","Google matched a different active business at the same address","OPERATIONAL","白蓮達coffee","台北市中山區松江路330巷14號","https://www.facebook.com/pg/belinda.coffe/photos/?ref=page_internal","Belinda Coffee","松江路330巷14號1樓","ChIJjcFkT1mpQjQRG7wpo84UsS0",""
"taipei","suspected_closed","Google matched a different active business at the same address","OPERATIONAL","石尚雨林店(老虎)","臺北市文山區新光路二段30號","","老虎店","116臺北市文山區新光路二段30號","ChIJTx9g6ImqQjQRS0zkHp2PCwM",""
"taipei","suspected_closed","Google matched a different active business at the same address","OPERATIONAL","石尚撒哈拉店(駱駝區)","臺北市文山區新光路二段30號","http://web.shishang.com.tw/index.php/2015-05-21-07-53-39/2015-05-21-07-59-03","化石先生Mr. Fossil 動物園紀念品店","116臺北市文山區新光路二段30號","ChIJqXpe62WrQjQRxcwXQnesBzo",""
"taipei","suspected_closed","Google matched a different active business at the same address","OPERATIONAL","光景 SCENE SELECT","台北市松山區健康路11-1號","https://www.facebook.com/scene.tw","The Quiet Light 默光咖啡（松山店）","健康路11-1號店面（默光咖啡1樓","ChIJwbznrpirQjQRUaMQF0bZVqo",""
"taipei","suspected_closed","Google matched a different active business at the same address","OPERATIONAL","好哆福  ","台北市中正區紹興南街15-2號","","縱橫聯合法律事務所","100臺北市中正區紹興南街15-2號","ChIJrVDFDnepQjQRfDah4XyEQHg",""
"taipei","suspected_closed","Google matched a different active business at the same address","OPERATIONAL","成真咖啡永康店","台北市大安區永康街37巷6號 ","https://www.cometrue-coffee.com/","成真咖啡 台北永康店 Cometrue Coffee","永康街37巷6號","ChIJ1XigphWpQjQRhTEdFEzMfWE",""
"taipei","suspected_closed","Google matched a different active business at the same address","OPERATIONAL","自由溫室liberbox","新北市永和區水源街21巷2號","自由溫室","自由溫室深夜咖啡廳（早午餐、義大利麵、燉飯、下午茶）","水源街21巷2號","ChIJSTQjAN2pQjQRI_eRnd_itIs",""
"taipei","suspected_closed","Google matched a different active business at the same address","OPERATIONAL","自家屋咖啡焙煎專賣店","台北市內湖區內湖路一段437巷4弄2號","https://www.facebook.com/kaffaforest/","自家屋珈琲焙煎所","內湖路一段437巷4弄2號","ChIJSSyb7WWsQjQRXfc4xtH0ON8",""
"taipei","suspected_closed","Google matched a different active business at the same address","OPERATIONAL","自然產","新北市板橋區重慶路209號","https://www.facebook.com/greenday209/","TM時間男人 新北板橋店 西裝租借","220新北市板橋區重慶路209號","ChIJO5X4u9QDaDQRGbF2Fk2E-z8",""
"taipei","suspected_closed","Google matched a different active business at the same address","OPERATIONAL","艸蘊","台北市中正區和平西路一段81號","https://www.facebook.com/succulentgather/","艸藴","和平西路一段81號","ChIJ8cJ6_J6pQjQRYkEafN4KtsU",""
"taipei","suspected_closed","Google matched a different active business at the same address","OPERATIONAL","行旅者驛站","新北市板橋區忠孝路275號","","生產者咖啡 ｜無負擔咖啡｜咖啡豆專賣｜咖啡掛耳包專賣｜職人甜點","忠孝路275號","ChIJ57tKwaECaDQRu1h5qvf33d8",""
"taipei","suspected_closed","Google matched a different active business at the same address","OPERATIONAL","行路咖啡","106台北市大安區和平東路一段104巷6號1樓","","烘豆河狸","和平東路一段104巷6號1樓","ChIJrTtbH0ipQjQRu7foCtuZmmM",""
"taipei","suspected_closed","Google matched a different active business at the same address","OPERATIONAL","西雅圖咖啡世貿旗艦店","台北市信義區信義路五段6號","","西雅圖極品咖啡 世貿店","信義路五段6號","ChIJSTLZ6barQjQRW1QYsyjzE9w",""
"taipei","suspected_closed","Google matched a different active business at the same address","OPERATIONAL","西雅圖極品嚴焙咖啡館 Barista Premium","106台北市大安區忠孝東路四段250號","","西雅圖極品咖啡-極品嚴焙","忠孝東路四段250號","ChIJIS5AcDKqQjQRkznwIHtXkBw",""
"taipei","suspected_closed","Google matched a different active business at the same address","OPERATIONAL","伯朗咖啡館 中山三店","台北市中山區中山北路三段6號","","Mr. Brown 伯朗咖啡館 - 中山門市","中山北路三段6號","ChIJeVtxaESpQjQRQfYXtDbzuHg",""
"taipei","suspected_closed","Google matched a different active business at the same address","OPERATIONAL","伯朗咖啡館中山二店","台北市中山區中山北路一段106之1號 (長安西路口)","https://www.mrbrown.com.tw/stores/InquiryDetail.aspx?AID=1&ID=4","Mr. Brown 伯朗咖啡館 - 中山門市","10491臺北市中山區中山北路三段6號","ChIJeVtxaESpQjQRQfYXtDbzuHg",""
"taipei","suspected_closed","Google matched a different active business at the same address","OPERATIONAL","玖仰茶食文化"," 106台北市大安區永康街9-1號","","玖仰Jiuyang-永康門市","永康街9-1號","ChIJNyZeI5upQjQRmjNcH9N6Z-w",""
"taipei","suspected_closed","Google matched a different active business at the same address","OPERATIONAL","享空間 Sharing Space","236新北市土城區中華路一段30-1號","","享空間 ｜咖啡 ｜輕食｜甜點｜租借場地 ｜ 會議 ｜活動 ｜課程","中華路一段30-1號","ChIJpTQNbssDaDQR9Iced4aT8-s",""
"taipei","suspected_closed","Google matched a different active business at the same address","OPERATIONAL","咖啡．候機室The Departure Lounge台北長春店","104台北市中山區長春路126-1號1樓","","咖啡候機室 台北長春店","長春路126-1號1樓","ChIJdWUDvXepQjQRLAjXuzpm9LA",""
"taipei","suspected_closed","Google matched a different active business at the same address","OPERATIONAL","咖啡視野CoffeeView Studio","台北市萬華區大理街131號","https://www.facebook.com/coffeeviewstudio","咖啡帶 THE COFFEE BELT","108臺北市萬華區大理街131號1樓","ChIJty5_ZsCpQjQRTRCHxQtp6vY",""
"taipei","suspected_closed","Google matched a different active business at the same address","OPERATIONAL","咖啡葉 CoffeeLeaf","241新北市三重區正義北路77號","https://m.facebook.com/YOKOYEH77/","三重咖啡葉","正義北路77號","ChIJD6waISKpQjQRkQb27sDF5t4",""
"taipei","suspected_closed","Google matched a different active business at the same address","OPERATIONAL","咖啡鴨(關渡自然園區附設)","台北市北投區關渡路55號","","社團法人台北市野鳥學會關渡自然公園管理處","關渡路55號","ChIJt1kaOhOvQjQRXunENn55p54",""
"taipei","suspected_closed","Google matched a different active business at the same address","OPERATIONAL","承繼","105台北市松山區敦化北路244巷17號","","秉軒廚業有限公司","105臺北市松山區敦化北路244巷17號","ChIJUbws9O-rQjQRbdnQDa_jPfk",""
"taipei","suspected_closed","Google matched a different active business at the same address","OPERATIONAL","拎咖啡","247新北市蘆洲區民族路341號","","T.T Cafe","民族路341號","ChIJw7nfB-6vQjQRHYeGCi9LFm8",""
"taipei","suspected_closed","Google matched a different active business at the same address","OPERATIONAL","放空自我咖啡館","115台北市南港區富康街30號1樓","https://www.facebook.com/emptybrainpark","『 放空自我“場租“咖啡廳 』line：370qdmxh","富康街30號1樓","ChIJ-Rw09_-rQjQRsCbDzQlbREU",""
"taipei","suspected_closed","Google matched a different active business at the same address","OPERATIONAL","旺來咖啡","105台北市松山區南京東路三段335巷13-1號","https://www.facebook.com/wonlaicoffee/?fref=ts","Oasis Coffee Roasters - Nanjing","105臺北市松山區南京東路三段335巷13-1號","ChIJgRbU1SKrQjQREeIz-NXP5_g",""
"taipei","suspected_closed","Google matched a different active business at the same address","OPERATIONAL","杯盃 PuiBui","台北市信義路四段30巷48號","https://www.facebook.com/PuiBui.taipei/","水哥咖啡","106臺北市大安區信義路四段30巷48號","ChIJdZVY-YirQjQRqNDujb7pFlk",""
"taipei","suspected_closed","Google matched a different active business at the same address","OPERATIONAL","波浮 habu juice&foods","台北市大安區安和路二段227巷4號","","NORM PATISSERIE 日式費南雪專門","106臺北市大安區安和路二段227巷4號","ChIJY6gsNgCrQjQRContd5GvVM4",""
"taipei","suspected_closed","Google matched a different active business at the same address","OPERATIONAL","牧童咖啡 mutto coffee(連興店)","新北市汐止區連興街34號","https://www.facebook.com/muttocoffee","牧童咖啡_連興店","連興街34號","ChIJQ6052GtTXTQRlgMIzy26hDo",""
"taipei","suspected_closed","Google matched a different active business at the same address","OPERATIONAL","牧童咖啡 mutto coffee(福德店)","新北市汐止區福德一路106巷9號","https://www.facebook.com/muttocoffee","牧童咖啡_福德店","福德一路106巷9號","ChIJsxgW6qysQjQRD4f5W5aAKPk",""
"taipei","suspected_closed","Google matched a different active business at the same address","OPERATIONAL","虎記商行","台北市中正區寧波東街1-1號","https://www.facebook.com/tigerdrinks/","Tiger Coffee","寧波東街1-1號","ChIJC-Q8rJ6pQjQRBVg9QGtw-XQ",""
"taipei","suspected_closed","Google matched a different active business at the same address","OPERATIONAL","雨聲咖啡","台北市文山區景華街28號","https://www.facebook.com/raincoffeee/?ref=page_internal","雨。聲。咖。啡","景華街28號","ChIJRbRJ-AOqQjQRjsr8b1s32bw",""
"taipei","suspected_closed","Google matched a different active business at the same address","OPERATIONAL","南西六號公寓","台北市大同區南京西路18巷4弄6之1號","https://www.facebook.com/nancyno6apt/","WOWffizi Cafe&Bistro 烏菲茲餐酒館 | 義大利麵 | 燉飯 | 中山站美食 | 丁骨牛排 | 義大利甜點 | 精釀啤酒 | 葡萄酒 | 威士忌","南京西路18巷4弄6-1號1樓","ChIJB8xuAmypQjQRazcg8mXEgHw",""
"taipei","suspected_closed","Google matched a different active business at the same address","OPERATIONAL","南參陸咖啡","新北市中和區和平街36號","https://www.facebook.com/SouthNo36/","【南参陸咖啡豆專賣店】自家烘焙/咖啡豆批發/精品咖啡","和平街36號1 樓","ChIJ9_ov5nMCaDQR8cTzaqN4Y8U",""
"taipei","suspected_closed","Google matched a different active business at the same address","OPERATIONAL","哈亞珈琲三創店","台北市中山區市民大道三段2號4樓","","哈亞極品咖啡 HAAYA'S COFFEE-三創店","4樓, No. 2號市民大道三段","ChIJq6v5qGSpQjQR3olOET2HCPg",""
"taipei","suspected_closed","Google matched a different active business at the same address","OPERATIONAL","威爾貝克手烘咖啡 南京店","台北市松山區南京東路五段123巷2弄1號","","NODE COFFEE ROASTERS","南京東路五段123巷2弄1號","ChIJ28wpwZSrQjQR6UhhK-JmCTc",""
"taipei","suspected_closed","Google matched a different active business at the same address","OPERATIONAL","威爾貝克手烘咖啡古亭店","台北市中正區羅斯福路二段118號","https://www.facebook.com/wilbeck.cafe","咖啡學人-傑克威爾 The Cafeist & Jackwell","羅斯福路二段118號","ChIJV_SOYpqpQjQRA9cnwa-fRdc",""
"taipei","suspected_closed","Google matched a different active business at the same address","OPERATIONAL","屋穀雜糧woogu house cafe","新北市淡水區中山北路一段247巷72號","","淡水屋穀私房菜","中山北路一段247巷72號","ChIJr1H9qlWlQjQRWNJbkapQlMc",""
"taipei","suspected_closed","Google matched a different active business at the same address","OPERATIONAL","拾米 TO GO","112 台北市北投區泉源路12號1樓","","拾米屋咖哩店 - SheMe House Curry","泉源路12號右側號","ChIJgW7nPkWuQjQRGwTLuQU2QaI",""
"taipei","suspected_closed","Google matched a different active business at the same address","OPERATIONAL","星乃咖啡店HOSHINO COFFEE ","台北市中山區南京西路12號（新光三越台北南西店一館4樓）","https://www.facebook.com/hoshinocoffeetw/","星乃珈琲店 台北南西店","南京西路12號4樓","ChIJYWM1IlapQjQRhCoAoDyPEpQ",""
"taipei","suspected_closed","Google matched a different active business at the same address","OPERATIONAL","秋山珈琲屋","台北市士林區雨農路25-4號2樓","https://www.facebook.com/mountemptiness/","秋 山 MOUNTEMPTINESS Coffee Roasters","2樓, No. 25-4號雨農路","ChIJm4jQzjOvQjQRhTSSWSPc8qc",""
"taipei","suspected_closed","Google matched a different active business at the same address","OPERATIONAL","旅沐豆行","台北市中山區錦州街416號","https://www.facebook.com/coffeeremus/","旅沐咖啡錦州店","錦州街416號","ChIJed1VkOOrQjQRXY5UTMT4-z0",""
"taipei","suspected_closed","Google matched a different active business at the same address","OPERATIONAL","時間之旅 Time Travel Coffee Roaster","蘆洲區忠孝路56號","https://www.facebook.com/coffee82813463/","時間之旅 咖啡豆自家烘焙","247新北市蘆洲區忠孝路56號","ChIJLVhvecmoQjQR2zEqLQ8Qd1M",""
"taipei","suspected_closed","Google matched a different active business at the same address","OPERATIONAL","莫凡彼台大店","台北市大安區羅斯福路四段85號","","Mövenpick Café-莫凡彼台北臺大店","羅斯福路四段85號","ChIJpb_qooqpQjQRDRiOLS8laDA",""
"taipei","suspected_closed","Google matched a different active business at the same address","OPERATIONAL","麥兜咖啡","新北市蘆洲區中原路1-3號","https://www.facebook.com/mycoffeehouseluzhou","兜麥咖啡 蘆洲店（寵物友善咖啡店）","中原路1-3號","ChIJI_gblLqoQjQRJS5MGxHA7UU",""
"taipei","suspected_closed","Google matched a different active business at the same address","OPERATIONAL","壹玖木巷咖啡19 wood alley cafe","台北市大同區太原路11巷19號1樓","https://www.facebook.com/19woodalley/","SOALSO.cafe","太原路11巷19號","ChIJ13ix6wipQjQRrLCPu61LIEg",""
"taipei","suspected_closed","Google matched a different active business at the same address","OPERATIONAL","就是蝴蝶","台北市松山區民生東路三段113巷25弄4號","","竹里館 | 台北茶藝館","民生東路三段113巷6弄15號","ChIJ1QCGNeSrQjQRlXJVq_MY8c8",""
"taipei","suspected_closed","Google matched a different active business at the same address","OPERATIONAL","握咖啡 Oh!Cafe台北信義店","11041台北市信義區吳興街55號","","《 Oh！Café 》握咖啡台北店—咖啡與豆專賣","吳興街55號一樓","ChIJd6N2gW-sQjQR125Jb-E4ruQ",""
"taipei","suspected_closed","Google matched a different active business at the same address","OPERATIONAL","統將咖啡和平店","台北市大安區和平東路三段228巷20號","","統將咖啡豆專賣店(和平店)","和平東路三段228巷20號","ChIJdygzyzaqQjQRhVJnHEDvON0",""
"taipei","suspected_closed","Google matched a different active business at the same address","OPERATIONAL","統將咖啡溫州店","台北市大安區溫州街74巷12號1樓","https://m.facebook.com/統將精選咖啡-163647123670428/","統將咖啡豆專賣店","溫州街74巷12號","ChIJXQvIMImpQjQRuvV3kHGEc2s",""
"taipei","suspected_closed","Google matched a different active business at the same address","OPERATIONAL","著咖啡","台北市大安區通安街32號","","BIT COFFEE 比特咖啡","通安街32號","ChIJ66b8vDSrQjQRNWqSq4HMMVA",""
"taipei","suspected_closed","Google matched a different active business at the same address","OPERATIONAL","黑吧煎焙咖啡專賣店","221新北市汐止區新台五路一段116號","","2GO煎吧咖啡專賣店","221新北市汐止區新台五路一段116號","ChIJuS-8wUJTXTQRxzH7Fzhinw0",""
"taipei","suspected_closed","Google matched a different active business at the same address","OPERATIONAL","黑金魚咖啡館","台北市北投區育仁路8巷3號","https://www.facebook.com/%E9%BB%91%E9%87%91%E9%AD%9A%E5%92%96%E5%95%A1%E9%A4%A8-724948174284729/","Kingyo 金魚珈琲","112臺北市北投區育仁路8巷7號1樓","ChIJw96dWS-vQjQRXkzQ8f3_T6o",""
"taipei","suspected_closed","Google matched a different active business at the same address","OPERATIONAL","黑鼻司康","新北市新莊區中誠街152號","https://www.facebook.com/share/prM42gmSMXrF7Na2/?mibextid=LQQJ4d","一齊幸福烘焙","中誠街152號","ChIJswTvqXepQjQREdcNVOysea4",""
"taipei","suspected_closed","Google matched a different active business at the same address","OPERATIONAL","獅王咖啡 美麗華店","台北市中山區敬業三路20號B1","","Mövenpick Café-莫凡彼台北美麗華店","敬業三路20號三樓","ChIJi3LTUBKsQjQRCg_6hLsYtJQ",""
"taipei","suspected_closed","Google matched a different active business at the same address","OPERATIONAL","路易．莎咖啡（建國花市門市）","106台北市大安區信義路三段104號","","Louisa Coffee 路易莎咖啡(建國花市門市)","信義路三段104號","ChIJr5jAtNSrQjQRS-bd5jk3xCc",""
"taipei","suspected_closed","Google matched a different active business at the same address","OPERATIONAL","路易莎 土城裕民門市","新北市土城區裕民路99號","","Louisa Coffee 路易莎咖啡 (土城裕民門市)","裕民路99號1、2樓","ChIJLVwtLMoCaDQRznUVDL8WsIU",""
"taipei","suspected_closed","Google matched a different active business at the same address","OPERATIONAL","路易莎 北投社直營門市","112台北市北投區光明路65號","","Louisa Coffee 路易莎咖啡(北投社直營門市)","光明路65號1 樓","ChIJpdLA31CuQjQR6ZAVzzHBgcc",""
"taipei","suspected_closed","Google matched a different active business at the same address","OPERATIONAL","路易莎-瑞光店","台北市內湖區瑞光路431號","http://www.louisacoffee.com.tw/","Louisa Coffee 路易莎咖啡 (內湖瑞光直營門市)","瑞光路431號","ChIJSSTw72-sQjQRMX2yEXP7g_M",""
"taipei","suspected_closed","Google matched a different active business at the same address","OPERATIONAL","路易莎咖啡汐止建成直營店","新北市汐止區建成路60號","","Louisa Coffee路易莎咖啡(汐止建成直營門市)","建成路60號","ChIJuSlYFg5TXTQRsLdg3ixdZKM",""
"taipei","suspected_closed","Google matched a different active business at the same address","OPERATIONAL","路易莎咖啡景美SOHO店","116台北市文山區羅斯福路六段146號","","Louisa Coffee 路易莎咖啡 (景美SOHO門市)","羅斯福路六段146號","ChIJNXJAwQOqQjQRErloiVTNII8",""
"taipei","suspected_closed","Google matched a different active business at the same address","OPERATIONAL","路易莎新海直營店","新北市板橋區雨農路58號","","Louisa Coffee 路易莎咖啡(新海直營門市)","雨農路58號","ChIJU6t12BOoQjQR0ftkxBJRmek",""
"taipei","suspected_closed","Google matched a different active business at the same address","OPERATIONAL","路易莎樂群店","台北市樂群二路150號","樂群路易莎直營店","Louisa Coffee 路易莎咖啡(樂群直營店)","樂群二路150號","ChIJeVItyJ85aTQR2qX93MI79o4",""
"taipei","suspected_closed","Google matched a different active business at the same address","OPERATIONAL","遇見貓咖啡輕食館","新北市中和區復興路18號","","貓客廳 Cat Living room Cafe","235047新北市中和區復興路18號","ChIJwUQ7tPKpQjQRcIHxCbIsFmw",""
"taipei","suspected_closed","Google matched a different active business at the same address","OPERATIONAL","夢飛行甜點咖啡店","100台北市中正區愛國東路38號","https://www.facebook.com/%E5%A4%A2%E9%A3%9B%E8%A1%8C%E7%94%9C%E9%BB%9E%E5%92%96%E5%95%A1%E5%BA%97-208237106263396/?ref=br_rs","房角石咖啡","100臺北市中正區愛國東路38號","ChIJqaNIwzupQjQRNJf85qOLiBM",""
"taipei","suspected_closed","Google matched a different active business at the same address","OPERATIONAL","夥食","台北市北投區石牌路一段71巷9弄1號","https://www.facebook.com/together168","山東姥姥麵食","112臺北市北投區石牌路一段71巷3弄2號","ChIJT0pFY_KuQjQRr3Y6cp9lKK4",""
"taipei","suspected_closed","Google matched a different active business at the same address","OPERATIONAL","演珈琲 Acting cafe","110台北市信義區莊敬路341巷1號","","CAFE FUGU ROASTERS(2025金杯獎 手沖＆咖啡烘焙 雙優勝)","110臺北市信義區莊敬路341巷7號1樓","ChIJZSfvL_2rQjQRjLDzDomnDu8",""
"taipei","suspected_closed","Google matched a different active business at the same address","OPERATIONAL","漸層蘭Jian Chen Lan Ａrt & Coffee","103台北市大同區蘭州街89巷12號","","日光小室","103臺北市大同區蘭州街89巷12號2樓","ChIJ1znPvTepQjQR7gmFAH5AzHI",""
"taipei","suspected_closed","Google matched a different active business at the same address","OPERATIONAL","瑪黑家居 x P&T柏林茶館 中山店","110台北市中山區中山北路二段36巷18號","","Lille M. Cafe & Restaurant 中山店","中山北路二段36巷18號","ChIJjy1NS7yrQjQRX7HAkCWE2e4",""
"taipei","suspected_closed","Google matched a different active business at the same address","OPERATIONAL","瑰夏咖啡創始店 UNC COFFEE","台北市信義區忠孝東路五段372巷27弄1號1樓","","瑰夏咖啡 GESHA COFFEE ROASTERS｜藝伎咖啡專賣店｜手沖咖啡｜咖啡課程｜","忠孝東路五段372巷27弄1號1樓","ChIJiyEAneGrQjQRHtIKW5BcvaU",""
"taipei","suspected_closed","Google matched a different active business at the same address","OPERATIONAL","聞山自家焙煎咖啡館","景中街19號","http://wenshanroasting.com/main/","聞山咖啡景美店 自家烘焙精品咖啡 咖啡豆/甜點/內用/外帶/商業合作","景中街19號","ChIJN5bUOQGqQjQRn31rUvkq5rQ",""
"taipei","suspected_closed","Google matched a different active business at the same address","OPERATIONAL","聞豆奇","台北市信義區莊敬路391巷1弄2號","https://www.facebook.com/CAFFE.V711/","FSW coffee 拾伍步咖啡","信義路五段150巷14弄2號","ChIJ3dpKeLOrQjQRSyJBmuXTc9I",""
"taipei","suspected_closed","Google matched a different active business at the same address","OPERATIONAL","踩踩水cafe","100台北市中正區金門街25-2號","https://www.facebook.com/letssteponwater/","草頭西","100臺北市中正區金門街25-2號","ChIJPaPIo62pQjQR8a04nDhi2iI",""
"taipei","suspected_closed","Google matched a different active business at the same address","OPERATIONAL","樹男咖啡。TreemanCafe","新北市淡水區民生路52巷8號","https://www.facebook.com/TreemanCoffee/","蔬饗創意餐盒（售完為止）","251新北市淡水區民生路52巷8號","ChIJPexKFACvQjQRxJzlP-xfQQg",""
"taipei","suspected_closed","Google matched a different active business at the same address","OPERATIONAL","璞豆咖啡.日常","106台北市大安區溫州街66號","","Dripure cafe璞豆咖啡","溫州街66號","ChIJ4_d-232pQjQRGA-_-UFWS6E",""
"taipei","suspected_closed","Google matched a different active business at the same address","OPERATIONAL","興波咖啡Simple Kaffa","台北市中正區忠孝東路二段27號","https://simplekaffa.com/","興波咖啡 華山旗艦店","忠孝東路二段27號","ChIJOSHdzpqpQjQReth3v_hHnTk",""
"taipei","suspected_closed","Google matched a different active business at the same address","OPERATIONAL","癈墟","新北市中和區民有街49號1樓","https://www.facebook.com/freshbrunch/","金玖民有琚社區","235新北市中和區民有街49號","ChIJafjpbAADaDQR8Ykxx4IpeUg",""
"taipei","suspected_closed","Google matched a different active business at the same address","OPERATIONAL","穗(禾十心) Sui Studio","241新北市三重區集成路32巷3號","https://www.instagram.com/suistudio.tw/","禾十心｜inline訂位系統須知先看","集成路32巷3號","ChIJ1U_bOOOpQjQRfAY1m_OVyUk",""
"taipei","suspected_closed","Google matched a different active business at the same address","OPERATIONAL","薄荷夜 Peppermint Night Cafe","100台北市中正區師大路138號","","鐵 F.f Teppanyaki 鐵板燒（師大店）","100臺北市中正區師大路138號","ChIJ_RHcYuSpQjQR7QOnvKK08l0",""
"taipei","suspected_closed","Google matched a different active business at the same address","OPERATIONAL","藍色微光 One Earth Café","板橋區文化路二段225巷72弄60號","https://www.facebook.com/pg/onearthcafe/about/?ref=page_internal","蘋果樹藥局","220新北市板橋區文化路二段225巷72弄60號","ChIJ_YwIzlipQjQR2SmW6VPJO3w",""
"taipei","suspected_closed","Google matched a different active business at the same address","OPERATIONAL","羅得奧商行。Après la Mousson","台北市富錦街370號","","羅得奧商行 senet café","富錦街370號","ChIJkSRTvPKrQjQRv3aL-22_WXw",""
"taipei","suspected_closed","Google matched a different active business at the same address","OPERATIONAL","羅曼尼咖啡","台北市文山區興隆路二段220巷55弄1號","https://www.facebook.com/羅曼尼咖啡-142801245785307/","Café Romanée","興隆路二段220巷55弄1號","ChIJfycNrhGqQjQROnFWA9Am_Ns",""
"taipei","suspected_closed","Google matched a different active business at the same address","OPERATIONAL","爐鍋咖啡 關渡店","台北市北投區大度路三段296巷39號","https://www.luguocafe.com/pages/kuandu-cafe","爐鍋咖啡 Luguo Cafe","大度路三段296巷39號","ChIJwRJYl3KvQjQRctuUr9QrwQw",""
"taipei","suspected_closed","Google matched a different active business at the same address","OPERATIONAL","露特西亞 台灣戲曲中心","臺北市士林區文林路751號","https://www.facebook.com/Lutetiatianmu/photos/a.1181318488680062.1073741828.1166809946797583/1211583635653547/?type=3","Lutetia - 露特西亞 傳藝店","文林路751號","ChIJ8_4Kd5auQjQRq0QmLPeG0vs",""
"taipei","suspected_closed","Google matched a different active business at the same address","OPERATIONAL","㒭咖啡自家烘焙工作室","新北市三重區重新路四段242-2號","","Koon coffee roasting studio 㒭咖啡淺焙專賣店 （新鮮咖啡豆、耳掛包）","重新路四段242-2號","ChIJzVNYEXqpQjQRq9eqtIV4AVg",""
"taipei","suspected_closed","Google matched a different active business at the same address","OPERATIONAL","A Day日日村","新北市永和區仁愛路279號","https://www.facebook.com/A-day-%E6%97%A5%E6%97%A5%E6%9D%91-1442161972727001/","日日村咖啡食堂（永和仁愛店）","仁愛路279號","ChIJIygU3sSpQjQRcrYPl75TFG8",""
"taipei","suspected_closed","Google matched a different active business at the same address","OPERATIONAL","abt.coffee","10491台北市中山區民權東路二段79號","","間珈琲 Aida Coffee","民權東路二段79號","ChIJn_VUDrSpQjQRW9YA0wgXRh4",""
"taipei","suspected_closed","Google matched a different active business at the same address","OPERATIONAL","After Rain coffee & dessert","台北市松山區民權東路三段160巷19弄16號","https://www.facebook.com/AfterRainCoffeeDessert/","雨過甜點咖啡店（不定休 無訂位）","民權東路三段160巷19弄16號","ChIJK7NdUvarQjQRPVAWoIMGZX0",""
"taipei","suspected_closed","Google matched a different active business at the same address","OPERATIONAL","Ancre Cafe","新北市淡水區中正路233-3號","","安克黑 咖啡（不定休）","中正路233-3號2樓","ChIJSX_XplqlQjQRVeIJyQLCaeA",""
"taipei","suspected_closed","Google matched a different active business at the same address","OPERATIONAL","anike阿提卡自家烘焙咖啡&進口茶","103台北市大同區西寧北路17之2號","","阿提卡越式廚房＆咖啡","西寧北路17之2號","ChIJ3WBiKxKpQjQRRrwb1L2jHOo",""
"taipei","suspected_closed","Google matched a different active business at the same address","OPERATIONAL","BitterSweet 三創店","台北市中山區市民大道三段2號11樓","https://www.facebook.com/BitterSweetCoffeeRoast/?hc_ref=SEARCH&fref=nf","CURRY HOUSE CoCo 壱番屋 三創店","市民大道三段2號B2","ChIJuwoblXqpQjQRdMPIyheYOaM",""
"taipei","suspected_closed","Google matched a different active business at the same address","OPERATIONAL","Bo+Caffe 板橋介壽店","新北市板橋區介壽街28號","https://www.facebook.com/ifreecafeNo4/","沐珈琲 自家焙煎","介壽街28號","ChIJhZq-LRaoQjQRknL4b9Nln48",""
"taipei","suspected_closed","Google matched a different active business at the same address","OPERATIONAL","Buddy’s","台北市信義區虎林街143號1樓","https://www.instagram.com/buddystaipei","SunDay酉日咖啡吧","110臺北市信義區虎林街143號1樓","ChIJCx-TzSSrQjQRqJgW6UioSRc",""
"taipei","suspected_closed","Google matched a different active business at the same address","OPERATIONAL","CAFE ACME｜Xiangshan 象山","台北市信義區信義路五段150巷11弄1號1樓","https://www.facebook.com/cafe.acme.tw/","CAFE ACME mini｜Taipei 101","110臺北市信義區信義路五段7號35樓","ChIJT7dRIq6rQjQR997I-m_QXxc",""
"taipei","suspected_closed","Google matched a different active business at the same address","OPERATIONAL","Cafe chat 04","台灣台北市大同區蘭州街14號","https://www.facebook.com/CafeChatLeopard/photos/a.258380740856029.76117.219492518078185/1273171762710250/?type=3","豹紋喵喵","10358臺北市大同區蘭州街14號","ChIJxynjf0CpQjQRe1puzZKyizk",""
"taipei","suspected_closed","Google matched a different active business at the same address","OPERATIONAL","Cafe Walker","臺北市信義區松勤街5號","","Ramble Cafe","松勤街5號","ChIJnXFT-7WrQjQRRpVrSLA4RhE",""
"taipei","suspected_closed","Google matched a different active business at the same address","OPERATIONAL","Cafejiasong咖央","106台北市大安區大安路一段51巷2號2樓","","咖央早午餐｜東區大露台包場空間｜聚會拍攝場地｜咖啡廳","大安路一段51巷2號2樓","ChIJCUYshtWrQjQRsI3M0yTmJK4",""
"taipei","suspected_closed","Google matched a different active business at the same address","OPERATIONAL","CAFEPRO敦化店","105台北市松山區八德路三段12巷52弄13號","","CAFEPRO職人咖啡商行敦化店","八德路三段12巷52弄13號1樓CAFEPRO","ChIJXV3RZsOrQjQRQvdi_pCOSvM",""
"taipei","suspected_closed","Google matched a different active business at the same address","OPERATIONAL","Cafetaster咖啡嗜者","台北市大安區雲和街72巷1號","https://www.facebook.com/Cafetaster","咖啡嗜者工作室（預約制，咖啡教學、咖啡熟豆）","雲和街72巷1號 號1樓","ChIJHUij_oipQjQRS7elf4_mPfg",""
"taipei","suspected_closed","Google matched a different active business at the same address","OPERATIONAL","Cans Coffee 罐頭珈琲（永久停業）","台北市中山區中原街4號","","kikumo","104臺北市中山區中原街4號","ChIJt3VFkMKpQjQRVddMJ6ah-jo",""
"taipei","suspected_closed","Google matched a different active business at the same address","OPERATIONAL","chat cafe","台北市松山區復興北路145號1樓","","樂田麵包 (南京復興門市)","復興北路145號1樓","ChIJKWrZFOerQjQRyZgzViMN1LM",""
"taipei","suspected_closed","Google matched a different active business at the same address","OPERATIONAL","Coffee Window 咖啡文朵 精品咖啡 / 新鮮烘焙","100台北市中正區林森北路3號1樓","","咖啡文朵 門市暫不開放, 僅接受商品訂購.(No Open, Pls Do Not Come.)","林森北路3號1樓","ChIJt4lARnCpQjQRp2kCITTcD9g",""
"taipei","suspected_closed","Google matched a different active business at the same address","OPERATIONAL","Coffee-z(湛盧外帶店","台北市中山區復興北路76號","","CAFE!N 硬咖啡 復北門市","104104臺北市中山區復興北路76號","ChIJdwl0FuSrQjQRdYCD1jXo4e4",""
"taipei","suspected_closed","Google matched a different active business at the same address","OPERATIONAL","Coffice 咖啡意識","新北市永和區永利路109號","http://www.coffice.com.tw","咖啡意識創始館 Coffice Original Shop","永利路109號","ChIJ45djuiuqQjQRGC53pHedQCc",""
"taipei","suspected_closed","Google matched a different active business at the same address","OPERATIONAL","E-Fun-手作工藝","台北市大安區和平東路三段463巷2號","","E-FUN COFFEE 一方咖啡","和平東路三段463巷2號1樓","ChIJV84JZ86rQjQRqNWJrsnHAbY",""
"taipei","suspected_closed","Google matched a different active business at the same address","OPERATIONAL","E61 咖啡場所"," 新北市永和區安樂路200號","https://www.facebook.com/pages/%E5%A3%B9%E9%99%B8%E5%A3%B9%E5%92%96%E5%95%A1%E5%A0%B4%E6%89%80/184123041607719","壹陸壹咖啡場所（E61）","安樂路200號","ChIJh5g4ROepQjQRjXc6X9oPaqA",""
"taipei","suspected_closed","Google matched a different active business at the same address","OPERATIONAL","ERC Cafe 中和春嶺店 阿達阿永咖啡廳 ","新北市中和區捷運路37號","https://www.facebook.com/Dayongcafe2/","阿達阿永咖啡廳 春嶺店","捷運路37號全聯（正後方","ChIJab2VO4ADaDQRaXXMbI19WO0",""
"taipei","suspected_closed","Google matched a different active business at the same address","OPERATIONAL","Ferrari coffee ","台北市中山區雙城街17巷10-1號","https://www.facebook.com/ferraris.coffee.1/","COFFEE FLAIR","104臺北市中山區雙城街13巷11-1號","ChIJSci8vESpQjQR9AS0UAKf79I",""
"taipei","suspected_closed","Google matched a different active business at the same address","OPERATIONAL","Fika Fika 伊通店","台北市伊通街33號一樓","https://www.facebook.com/FikaFikaCafe","啡卡咖啡","伊通街33號","ChIJEfselmGpQjQR7yaK-dqDBJ4",""
"taipei","suspected_closed","Google matched a different active business at the same address","OPERATIONAL","Gentle x WanDao","新北市板橋區文昌街22號","https://www.facebook.com/wandao22/","Gentle coffee紳士咖啡/自家烘焙/手沖咖啡/手作甜點","文昌街22號1樓","ChIJU6cUvwKoQjQRk_P9pSnjRMk",""
"taipei","suspected_closed","Google matched a different active business at the same address","OPERATIONAL","GEORGE HOUSE 台北永康門市","106台北市大安區永康街75巷3號","","GEORGE HOUSE 世界精品咖啡專賣","永康街75巷3號","ChIJ5b-tC4SpQjQR8kHbyzjNVDE",""
"taipei","suspected_closed","Google matched a different active business at the same address","OPERATIONAL","Golden Bee Coffee Store","244新北市林口區仁愛路二段265號","","金蜜蜂咖啡豆器材林口店","仁愛路二段265號","ChIJbTeZatymQjQRR2WzXeyA6ss",""
"taipei","suspected_closed","Google matched a different active business at the same address","OPERATIONAL","haikacafe嗨咖咖啡","台北市信義區虎林街164巷78號","https://www.facebook.com/haikacafe/","B-Roll Coffee","虎林街164巷78號","ChIJbZ_CVaSrQjQRvwHr-syXe24",""
"taipei","suspected_closed","Google matched a different active business at the same address","OPERATIONAL","hao's repair","台北市松山區南京東路四段189號1樓","","一小時手機快修","105臺北市松山區南京東路四段53巷8弄17號1樓","ChIJTTEjI54DaDQR2tRciDrSqss",""
"taipei","suspected_closed","Google matched a different active business at the same address","OPERATIONAL","HOK-House of Kuo 郭元益的家","台北市士林區文林路526號","https://www.facebook.com/HOK.house.of.kuo/","郭元益 士林總店","11111臺北市士林區文林路546號","ChIJOWhgubyuQjQRoWTfaoirga4",""
"taipei","suspected_closed","Google matched a different active business at the same address","OPERATIONAL","Hulu House"," 236 土城區青雲路240號","https://www.facebook.com/Hulu-House-344307625721411/?fref=ts","Louisa Coffee 路易莎咖啡(土城青雲門市)","236新北市土城區青雲路240號","ChIJw6I1b_wDaDQRKGW7iYV-B8s",""
"taipei","suspected_closed","Google matched a different active business at the same address","OPERATIONAL","ISAAC CAFE 撒子咖啡甜點店","台北市中山區敬業一路128巷12號1樓","https://www.facebook.com/ISAAC.DESSERT/?fref=ts","撒子甜點Isaac dessert","敬業一路128巷12號1樓","ChIJgw-q3RGsQjQRavSlSF-vudk",""
"taipei","suspected_closed","Google matched a different active business at the same address","OPERATIONAL","ISLANDER夏威夷咖啡","台北市中山區南京西路12號B2（ 新光三越台北南西店一館）","","新光三越 台北南西店一館","10491臺北市中山區南京西路12號","ChIJS7qHS2mpQjQRjcsDvPunUgo",""
"taipei","suspected_closed","Google matched a different active business at the same address","OPERATIONAL","Joe's Cafe","台北市富錦街464號","https://www.facebook.com/Joeuncletp/","Joe’s Cafe 喬叔咖啡(寵物友善)","富錦街464號","ChIJAabYBY2rQjQRkkSSkK9SiIU",""
"taipei","suspected_closed","Google matched a different active business at the same address","OPERATIONAL","Just in Cafe","台北市大同區長安西路78巷3弄4-1號1樓","https://www.facebook.com/roastercafe/","附近咖啡","長安西路78巷3弄4-1號","ChIJUX-lgjWpQjQRO1OC4UqI2iQ",""
"taipei","suspected_closed","Google matched a different active business at the same address","OPERATIONAL","Kahvi Coffee ","台北市大同區重慶北路一段1號","","「小池咖啡」營業時間以IG公布為主","103臺北市大同區重慶北路一段1號1F","ChIJI0nvcxypQjQRsryE_7k1GS4",""
"taipei","suspected_closed","Google matched a different active business at the same address","OPERATIONAL","Library134","10491台北市中山區遼寧街134號","","CE' & LIB-RARY 遼寧店","遼寧街134號","ChIJS6vpHu-rQjQRyPgQxWo1tXg",""
"taipei","suspected_closed","Google matched a different active business at the same address","OPERATIONAL","Little Green","台北市松山區南京東路四段118-2號1F","https://www.facebook.com/Little-Green-183163385462284/","嶼人咖啡","105臺北市松山區南京東路五段250巷2弄39號1樓右側","ChIJ0-yDRxerQjQROYsBnimTPQM",""
"taipei","suspected_closed","Google matched a different active business at the same address","OPERATIONAL","Louisa Coffee 路易莎.咖啡 三峽學成店","新北市三峽區學成路325號","https://www.facebook.com/LouisaCoffeeSanhsia/","Louisa Coffee 路易・莎咖啡(三峽學成門市)","學成路325號","ChIJ46R9MHUcaDQRP9_QsYFfGbA",""
"taipei","suspected_closed","Google matched a different active business at the same address","OPERATIONAL","Love; café","100台北市中正區牯嶺街133號","https://m.facebook.com/lovesemicolon/","啼岸VeganResort 蔬食素食髮廊餐廳","100臺北市中正區牯嶺街133號","ChIJKRqfhb-pQjQRxeoG4CmnmLs",""
"taipei","suspected_closed","Google matched a different active business at the same address","OPERATIONAL","MIKI 米綺咖啡","台北市信義區松德路12-1號","https://www.facebook.com/mikicoffee.tw/","三亞米清明正常營業（咖啡/早午餐/手作甜點）售完提早打烊，最後點菜16:30//週三公休","11075臺北市信義區松德路119號1樓","ChIJSWJDv_SrQjQR5qvn_mwEjwU",""
"taipei","suspected_closed","Google matched a different active business at the same address","OPERATIONAL","Miuya Cafe 米屋珈琲","台北市大安區文昌街49號","https://www.facebook.com/miuyacafe/","Congrats Café","106臺北市大安區文昌街49號","ChIJeytXpc2rQjQRr5wP80LPwTQ",""
"taipei","suspected_closed","Google matched a different active business at the same address","OPERATIONAL","Modism cafe 士林店","台北市士林區中正路235巷29號","https://www.facebook.com/Modism.Au.Bread/?ref=settings","Modism Café 摩德年代 士林店","中正路235巷29號","ChIJn4mze4mvQjQRDe7XJaf7Ki0",""
"taipei","suspected_closed","Google matched a different active business at the same address","OPERATIONAL","Moi Cafe 仁愛店","台北市仁愛路四段408巷13號","https://www.facebook.com/Moi-cafe-%E4%BB%81%E6%84%9B%E5%BA%97-1591715957777576/","布夫 歐式私房餐廳","106臺北市大安區仁愛路四段408巷13號","ChIJmd3w156pQjQRlvHLwCofsW4",""
"taipei","suspected_closed","Google matched a different active business at the same address","OPERATIONAL","nu studio ( nuhi / nanhi )","106台北市大安區瑞安街208巷5號","","earnestos","106臺北市大安區瑞安街208巷5號","ChIJzfP055irQjQRXLsZGSGFkdg",""
"taipei","suspected_closed","Google matched a different active business at the same address","OPERATIONAL","Orchard CAFE","10491台北市中山區民權東路一段79號1樓","https://www.facebook.com/pages/category/Coffee-Shop/Orchard-CAFE-106814364136102/","8%ice CAFÉ 民權店","民權東路一段79號1樓","ChIJCw3n6TWrQjQRv3BRablqFqE",""
"taipei","suspected_closed","Google matched a different active business at the same address","OPERATIONAL","Our time Cafe Resturant時光・我們的","台北市松山區敦化北路155巷91號","https://www.facebook.com/OurTimeCafe/","Our Time Cafe 時光我們的餐廳","敦化北路155巷91號","ChIJV6ocGumrQjQRnSigw0rWYYA",""
"taipei","suspected_closed","Google matched a different active business at the same address","OPERATIONAL","Peace & Love Cafe","新北市新店區民權路42巷18號","https://www.facebook.com/palcafesmile","Local Local Coffee 咖啡再地 (新店）","231新北市新店區民權路42巷18號","ChIJcUVOgRgBaDQRBnJyArk5pfM",""
"taipei","suspected_closed","Google matched a different active business at the same address","OPERATIONAL","Powder Workshop","台北市大安區信義路二段86巷25號","https://www.facebook.com/powderworkshop/?ref=nf","SODA by coffeeflair","106臺北市大安區信義路二段86巷25號1樓","ChIJh2hBJpapQjQR0iopcfy-doo",""
"taipei","suspected_closed","Google matched a different active business at the same address","OPERATIONAL","Q咖啡工作室","新北市鶯歌區南雅路493號","","Q咖啡｜手沖 • 單品咖啡豆專門 • 商用批發配豆推薦 • TISCA全國杯測冠軍","南雅路493號","ChIJQ8Dz7moCaDQRC3SDTz4s43U",""
"taipei","suspected_closed","Google matched a different active business at the same address","OPERATIONAL","Quel Café - 克爾‧何等的咖啡","台北市松山區民權東路三段140巷2號之1 ","https://www.facebook.com/QuelCafe/","克爾咖啡（民權創始店）","民權東路三段140巷2-1號","ChIJzQYVN-WrQjQRe4BT0rvKEUU",""
"taipei","suspected_closed","Google matched a different active business at the same address","OPERATIONAL","Red Best Coffee 紅頂商人咖啡","台北市士林區環河北路三段119號","http://www.redcoffee.com.tw/","紅頂商人咖啡&餅乾","環河北路三段119號","ChIJrYNVeoGvQjQRJ8_uRmdOKws",""
"taipei","suspected_closed","Google matched a different active business at the same address","OPERATIONAL","Sit Down Plz Coffee Roasting 西當･普里斯","新北市三重區安樂街47號","https://www.facebook.com/SDPcoffee/","西當･普里斯︱自家焙煎咖啡館","安樂街47號","ChIJ8z9buiapQjQRf71YvYg_fwU",""
"taipei","suspected_closed","Google matched a different active business at the same address","OPERATIONAL","Strange Brew Coffe Roster 怪咖啡自家烘焙","台北市安居街108巷20號1樓","https://www.facebook.com/strangebrewcoffeeroaster/","世界末日與冷酷異境 / 怪咖啡 (座位有限，僅能接待每組4位以下客人)","安居街108巷20號1樓","ChIJvwhGhDCqQjQRqL06g15d0_4",""
"taipei","suspected_closed","Google matched a different active business at the same address","OPERATIONAL","Sway Black Coffee 嗜黑精品咖啡專門店","台北市松山區八德路二段352號","","思味精品咖啡專門店","八德路二段352號","ChIJAWmiYdyrQjQRdm-Pgazkr7w",""
"taipei","suspected_closed","Google matched a different active business at the same address","OPERATIONAL","The Lobby of Simple Kaffa","台北市中正區忠孝東路二段27號","https://www.facebook.com/thelobbyofsimplekaffa/?ref=ts&fref=ts","興波咖啡 華山旗艦店","100臺北市中正區忠孝東路二段27號","ChIJOSHdzpqpQjQReth3v_hHnTk",""
"taipei","suspected_closed","Google matched a different active business at the same address","OPERATIONAL","THE NORMAL","106台北市大安區仁愛路四段413號1樓","https://www.facebook.com/thenormal.adrc/","NORMAL COFFEE 仁愛店","仁愛路四段413號","ChIJDRMDkcirQjQRb7tVfD7DRnY",""
"taipei","suspected_closed","Google matched a different active business at the same address","OPERATIONAL","Touching","台北市大安區羅斯福路三段269巷6-1號","","Milk Bar by BKA (不提供訂位 可洽詢活動包場)","105臺北市松山區南京東路三段269巷6-1號","ChIJcbJgVWirQjQRn-98a3EPrhw",""
"taipei","suspected_closed","Google matched a different active business at the same address","OPERATIONAL","ville cafe","台北市中正區羅斯福路三段284巷5號","","義樂麵屋","羅斯福路三段284巷5號","ChIJK_Cgj4upQjQRDrLCS1URSQQ",""
"taipei","suspected_closed","Google matched a different active business at the same address","OPERATIONAL","Vis cafe 覓時咖啡 南京三民店","105台北市松山區八德路四段245巷48號","https://www.facebook.com/vis.cafe2013/","恩山咖啡-南京三民店","八德路四段245巷48號","ChIJSSjxNJSrQjQRcjArZm8eJzI",""
"taipei","suspected_closed","Google matched a different active business at the same address","OPERATIONAL","Vis Cafe 窩是咖啡","台北市大同區酒泉街34-3號","https://www.facebook.com/Vis2013/","Vis cafe 圓山店","酒泉街34-3號","ChIJVWIHxkipQjQRdvAFOJDB87A",""
"taipei","suspected_closed","Google matched a different active business at the same address","OPERATIONAL","W&M workshop","台北市中山區林森北路487號1樓225室","","RGB Eatery","104臺北市中山區林森北路487號1樓225室","ChIJTUbg6H6pQjQR7KMT4toFcQI",""
"taipei","suspected_closed","Google matched a different active business at the same address","OPERATIONAL","wanaka coffee","台北市松山區東興路21號","","晨露 Little droplet coffee & canelé (咖啡甜點外帶店 take away only)無內用","10570臺北市松山區東興路21號","ChIJh8eWUImrQjQRJtFGIQip_v0",""
"taipei","suspected_closed","Google matched a different active business at the same address","OPERATIONAL","WM咖啡工作室｜我想喝咖啡｜WMcoffeestudio｜","241新北市三重區新北大道一段46巷18弄17號","","瑋蜜我想喝咖啡自烘店","新北大道一段46巷18弄17號","ChIJjyBXa5SpQjQRmtUz6oXlq0w",""
"taitung","suspected_closed","Google matched a different active business at the same address","OPERATIONAL","友蛇咖啡","台東市岩灣路298號","https://www.facebook.com/profile.php?id=100089101092965","Snake Cafe","岩灣路298號","ChIJqbngCW67bzQRtcACLUSEI0g",""
"taitung","suspected_closed","Google matched a different active business at the same address","OPERATIONAL","食冊café書店","台東市洛陽街265號"," https://www.facebook.com/diningbooks/","食冊cafe書店","洛陽街265號","ChIJd9DlXmy5bzQRJE7OARderag",""
"taitung","suspected_closed","Google matched a different active business at the same address","OPERATIONAL","蘭嶼海很藍咖啡","台東蘭嶼鄉紅頭村4號","https://www.facebook.com/filmbluecafe/about/?ref=page_internal&locale=zh_TW","海很藍咖啡/手作選物","紅頭4號","ChIJ_____0AJcDQR6leWtmPBpDI",""
"taitung","suspected_closed","Google matched a different active business at the same address","OPERATIONAL","Coffeeloft-咖啡工寓","台東市浙江路36號","https://www.facebook.com/coffeeloftapartment/?fref=ts","咖啡工寓｜台東民宿1569號 咖啡店固定週二店休","浙江路36號","ChIJ09NnNEC5bzQRLCt2axHt8_4",""
"taitung","suspected_closed","Google matched a different active business at the same address","OPERATIONAL","Wow’s邦查（波浪屋2號倉庫）","台東縣新生路105號","https://www.facebook.com/Wowspangcha/","台東波浪屋-原民文創產業聚落 TTstyle Arts & Crafts-Wavy Roof Crafts","新生路105號","ChIJLeAZ5xW5bzQRdwkrQJN7xPk",""
"taoyuan","suspected_closed","Google matched a different active business at the same address","OPERATIONAL"," 三火木咖啡企業社 (燊咖啡3店)","桃園市桃園區幸福路87號","https://www.facebook.com/shencafe87/","三火木咖啡 SHEN Roastery (燊咖啡幸福店)","幸福路87號","ChIJL37qQ8kfaDQRxtcVZoN5cyQ",""
"taoyuan","suspected_closed","Google matched a different active business at the same address","OPERATIONAL"," 翻轉甜點 flipbakery","桃園市桃園區正光路71巷6號","https://www.facebook.com/flipbakery/","翻轉甜點正光總店","正光路71巷6號","ChIJO62POhAfaDQR_drkExcwnoI",""
"taoyuan","suspected_closed","Google matched a different active business at the same address","OPERATIONAL"," Café 4 FUN 咖啡趣","桃園市桃園區信光路52號","https://www.facebook.com/cafe4fun/","cafe 4 fun咖啡趣 桃園金牌好店親子餐廳","信光路52號","ChIJN9k0aqsfaDQRMVfPq-nRn74",""
"taoyuan","suspected_closed","Google matched a different active business at the same address","OPERATIONAL"," Collage咖楽聚-桃園總店","桃園市桃園區國豐三街159號","https://www.facebook.com/CollageBrunch/","Kingmauii 金茂宜咖啡 桃園國豐店（原Collage Caf’e 咖楽聚）","國豐三街159號","ChIJQ2n-MNcfaDQRHzeJFWMTUrc",""
"taoyuan","suspected_closed","Google matched a different active business at the same address","OPERATIONAL","小木馬咖啡","桃園市桃園區民富十七街12號","https://www.facebook.com/minimuma.com.tw/?ref=br_rs","吾人知曉自家烘焙咖啡","民富十七街12號","ChIJ1Y02cEseaDQRA6CTA3T_26c",""
"taoyuan","suspected_closed","Google matched a different active business at the same address","OPERATIONAL","好咖 Howcup CURRY CAFE'","桃園市中壢區中北路19號","https://m.facebook.com/howcup/","好咖 Thai","中北路19號","ChIJwdYuEj8iaDQRUEvUDJg-4v0",""
"taoyuan","suspected_closed","Google matched a different active business at the same address","OPERATIONAL","老窩咖啡烘培館－桃園中平店","宏昌六街256號","https://www.facebook.com/laoozhongping/","老窩咖啡桃園中平店","宏昌六街256號","ChIJ4QBlKhQfaDQR5Q670ZSTjg8",""
"taoyuan","suspected_closed","Google matched a different active business at the same address","OPERATIONAL","恰歐 Coffee Ciao","桃園市中壢區文化路130巷27號","https://www.facebook.com/ciaocoffeeciao/","心空咖啡","文化路130巷27號","ChIJy7_8E_khaDQR-oSGR10H9Gk",""
"taoyuan","suspected_closed","Google matched a different active business at the same address","OPERATIONAL","香草蛋糕舖 Vanilla Pastry House","桃園市桃園區民族路193號","https://www.facebook.com/vanilla193/","香草蛋糕舖 民族總店","民族路193號","ChIJv2QiewIfaDQRcIK--0rz3H0",""
"taoyuan","suspected_closed","Google matched a different active business at the same address","OPERATIONAL","倆朵花 two flowers coffee","桃園市桃園區介壽路427號1樓","https://twoflowers.tw/","倆朵花咖啡工作室 ｜熟豆販售｜提拉米蘇｜甜點外燴 CANDY BAR｜無訂位無接待兒童","介壽路427號1樓","ChIJ_6NDwmMfaDQRW6W38svOCQQ",""
"taoyuan","suspected_closed","Google matched a different active business at the same address","OPERATIONAL","等等計劃 nice ghost sleep clinic","30桃園市桃園區中華路10號 3號樓之7","https://linktr.ee/ngsc.space","等等計劃 ngsc - 各類展覽、應援咖啡、場地租借（店休見IG）","中華路10號 3號樓之7","ChIJ9VpOzJYfaDQRLw3fwr54PzY",""
"taoyuan","suspected_closed","Google matched a different active business at the same address","OPERATIONAL","著手咖啡桃園店","桃園市中壢區成功路135號","https://www.facebook.com/coffeeintrointaoyuan","著手咖啡 Coffee Intro","成功路135號","ChIJbdYd2V0haDQRd72EQJCj6pw",""
"taoyuan","suspected_closed","Google matched a different active business at the same address","OPERATIONAL","路易莎咖啡桃鶯店","桃園區桃鶯路168-1號","https://www.facebook.com/louisacoffeetaoyuan/","Louisa Coffee 路易莎咖啡(桃鶯門市)","桃鶯路168-1號","ChIJ1eL84eUeaDQRUgvHgnENtK0",""
"taoyuan","suspected_closed","Google matched a different active business at the same address","OPERATIONAL","樹舍308 Cafe","桃園市中壢區復華街308號","https://www.facebook.com/treatortreescafe/?fref=ts","穀沐尼 早午餐 義大利麵 brunch（初五正常營業）","復華街308號","ChIJrbHyKO4haDQRLI6OvJQbbD0",""
"taoyuan","suspected_closed","Google matched a different active business at the same address","OPERATIONAL","羅伯咖啡-桃園中華電信中壢中山門市","桃園市中壢區中山路152號","https://www.facebook.com/%E7%BE%85%E4%BC%AF%E5%92%96%E5%95%A1-%E6%A1%83%E5%9C%92%E4%B8%AD%E8%8F%AF%E9%9B%BB%E4%BF%A1%E4%B8%AD%E5%A3%A2%E4%B8%AD%E5%B1%B1%E9%96%80%E5%B8%82-1809127882470707/","中華電信中壢服務中心","中山路152號","ChIJcR1-w0kiaDQR1f9MqzJ6LEo",""
"taoyuan","suspected_closed","Google matched a different active business at the same address","OPERATIONAL","Alpha Coffee & Tea","桃園市平鎮區工業五路8號","https://www.facebook.com/alphacoffeeandtea/","CAFE!N 硬咖啡 桃園總廠門市 (咖啡觀光工廠 )","工業五路8號","ChIJhZATXjQjaDQRED0CIY3tQCE",""
"taoyuan","suspected_closed","Google matched a different active business at the same address","OPERATIONAL","Bowen Coffee 伯元精品咖啡烘焙","桃園市八德區廣福路783號","https://www.facebook.com/pg/BowenCoffeeTw/about/?ref=page_internal","伯元自家烘焙咖啡館","廣福路783號","ChIJZ9nC-LMYaDQRv1ab9qVvSQ0",""
"taoyuan","suspected_closed","Google matched a different active business at the same address","OPERATIONAL","BUNA CAF'E布納咖啡館藝文店","桃園市桃園區中正路1061號","https://www.facebook.com/bunacafe1061/?ref=br_rs","布納咖啡館 藝文館 | 網美打卡餐廳 | 親友聚餐 | 下午茶 | 包場 | 慶生 | 包廂 | 餐酒","中正路1061號","ChIJp-OrQbAfaDQRvriOnnoN01I",""
"taoyuan","suspected_closed","Google matched a different active business at the same address","OPERATIONAL","George's coffee","桃園市中壢區民權路150號","https://www.facebook.com/ACID7-coffee-109876450746708/","喬治的咖啡","民權路150號","ChIJxbiJy2gjaDQR9F97UeTIoZw",""
"taoyuan","suspected_closed","Google matched a different active business at the same address","OPERATIONAL","J café","桃園區力行路255巷2號","","植感森活 HØST | 健康蔬食義大利麵-桃園健康蔬食|健康餐盒|低卡餐盒|低卡美食|溫沙拉推薦|蔬菜沙拉|蔬食餐盒|蔬食料理","330桃園市桃園區力行路255巷2號","ChIJz1WapgEfaDQRvR83E-RHnV8",""
"taoyuan","suspected_closed","Google matched a different active business at the same address","OPERATIONAL","Love in cafe","中壢市慈惠一街126號","https://www.facebook.com/loveincafe/","懶懶日咖啡 Lazy Lazy （一人經營易變動，前來可確認營業時間，謝謝🙏）","慈惠一街126號","ChIJW3AM3jYiaDQRQRl1m7Aq4vk",""
"taoyuan","suspected_closed","Google matched a different active business at the same address","OPERATIONAL","MR.DODO自家烘焙咖啡館","桃園市平鎮區北華里振平街3號","https://www.facebook.com/MRDODO3606/","MR.DODO 豆豆先生咖啡 (平鎮店)","振平街3號","ChIJW3iY_1IiaDQRqc_O5Jk2wMY",""
"taoyuan","suspected_closed","Google matched a different active business at the same address","OPERATIONAL","Yang Cafe (佑品)","桃園市中壢區民權路364號1樓","https://www.facebook.com/yangcafe/","遇見咖啡-自家烘培 咖啡豆專賣店/手沖咖啡/器具/濾掛咖啡/簡餐","320桃園市中壢區民權路364號","ChIJaVyqPecjaDQRxLq4SJaNshA",""
"taoyuan","suspected_closed","Google matched a different active business at the same address","OPERATIONAL","Z cafe 自家焙煎咖啡","桃園市中壢區新生路二段36號","https://m.facebook.com/Ziv.cafe/?ref=bookmarks","再再之在 Cafe Here Again 咖啡豆專賣店","320桃園市中壢區新生路二段36號","ChIJJxMFjCkiaDQR_v6h-oA84bs",""
"yilan","suspected_closed","Google matched a different active business at the same address","OPERATIONAL","品品99 咖啡 輕食","268宜蘭縣五結鄉鎮安路63巷2號","","PP.99 CAFE (最後點餐15:00，星期二，三店休）最新資訊請看粉絲頁","鎮安路63巷2號","ChIJ9zjaWimqQjQREQMeNZYjenw",""
"yilan","suspected_closed","Google matched a different active business at the same address","OPERATIONAL","香草景觀咖啡 Vanilla Cafe-宜蘭頭城店","宜蘭縣頭城鎮北宜路一段398號","","香草庭園咖啡 頭城店","北宜路一段398號","ChIJt9q8MvD5ZzQREQtGxfP5o2w",""
"yilan","suspected_closed","Google matched a different active business at the same address","OPERATIONAL","dew 36 綻露 coffee elite","宜蘭市女中路二段385號","https://www.facebook.com/dew36elite/","B Love hair salon","260宜蘭縣宜蘭市女中路二段385號","ChIJNWRby9DlZzQRTcWjcqK0RpE",""
"yilan","suspected_closed","Google matched a different active business at the same address","OPERATIONAL","Stay旅人書店","宜蘭市碧霞街14號、宜蘭市康樂路14號行口文旅","https://www.facebook.com/pg/staytravelerbookstore/about/?ref=page_internal","行口文旅","260宜蘭縣宜蘭市康樂路14號","ChIJmTySTNrkZzQR52rSedAL-UQ",""
